[{"name":"合肥","value":5},{"name":"蚌埠","value":3},{"name":"马鞍山","value":2},{"name":"安庆","value":1},{"name":"阜阳","value":4},{"name":"宿州","value":1},{"name":"六安","value":1},{"name":"亳州","value":6},{"name":"池州","value":1},{"name":"福州","value":2},{"name":"平凉","value":1},{"name":"定西","value":1},{"name":"甘南州","value":1},{"name":"广州","value":1},{"name":"深圳","value":9},{"name":"珠海","value":2},{"name":"佛山","value":1},{"name":"湛江","value":1},{"name":"肇庆","value":1},{"name":"惠州","value":1},{"name":"梅州","value":1},{"name":"东莞","value":3},{"name":"南宁","value":3},{"name":"北海","value":1},{"name":"贵阳","value":1},{"name":"遵义","value":3},{"name":"毕节","value":1},{"name":"唐山","value":8},{"name":"邢台","value":1},{"name":"张家口","value":6},{"name":"沧州","value":3},{"name":"哈尔滨","value":5},{"name":"齐齐哈尔","value":3},{"name":"双鸭山","value":9},{"name":"大庆","value":3},{"name":"黑河","value":3},{"name":"郑州","value":1},{"name":"平顶山","value":1},{"name":"新乡","value":1},{"name":"许昌","value":3},{"name":"南阳","value":1},{"name":"商丘","value":1},{"name":"信阳","value":3},{"name":"周口","value":1},{"name":"驻马店","value":3},{"name":"武汉","value":3910},{"name":"黄石","value":32},{"name":"十堰","value":23},{"name":"宜昌","value":67},{"name":"襄阳","value":10},{"name":"鄂州","value":69},{"name":"荆门","value":16},{"name":"孝感","value":135},{"name":"荆州","value":42},{"name":"黄冈","value":163},{"name":"咸宁","value":200},{"name":"随州","value":44},{"name":"恩施州","value":8},{"name":"仙桃","value":20},{"name":"潜江","value":10},{"name":"天门","value":52},{"name":"长沙","value":10},{"name":"株洲","value":2},{"name":"湘潭","value":2},{"name":"衡阳","value":1},{"name":"邵阳","value":1},{"name":"岳阳","value":1},{"name":"常德","value":1},{"name":"郴州","value":1},{"name":"娄底","value":1},{"name":"南京","value":1},{"name":"无锡","value":2},{"name":"徐州","value":5},{"name":"常州","value":5},{"name":"南通","value":1},{"name":"连云港","value":3},{"name":"淮安","value":5},{"name":"盐城","value":1},{"name":"南昌","value":7},{"name":"萍乡","value":2},{"name":"九江","value":5},{"name":"新余","value":3},{"name":"宜春","value":6},{"name":"抚州","value":2},{"name":"上饶","value":3},{"name":"长春","value":1},{"name":"四平","value":1},{"name":"大连","value":1},{"name":"赤峰","value":2},{"name":"锡林郭勒盟","value":2},{"name":"吴忠","value":3},{"name":"淄博","value":3},{"name":"潍坊","value":3},{"name":"济宁","value":3},{"name":"临沂","value":2},{"name":"滨州","value":2},{"name":"西安","value":4},{"name":"成都","value":4},{"name":"巴中","value":2},{"name":"甘孜","value":6},{"name":"乌鲁木齐","value":2},{"name":"昆明","value":1},{"name":"昭通市","value":5},{"name":"红河","value":1},{"name":"杭州","value":3},{"name":"温州","value":6},{"name":"绍兴","value":1},{"name":"北京","value":6},{"name":"天津","value":7},{"name":"上海","value":5},{"name":"重庆","value":11},{"name":"香港","value":3},{"name":"null","value":0}]