[{"name":"合肥","value":10},{"name":"芜湖","value":3},{"name":"蚌埠","value":5},{"name":"淮南","value":4},{"name":"马鞍山","value":3},{"name":"铜陵","value":1},{"name":"安庆","value":4},{"name":"阜阳","value":5},{"name":"宿州","value":1},{"name":"六安","value":2},{"name":"亳州","value":5},{"name":"池州","value":1},{"name":"宣城","value":2},{"name":"福州","value":6},{"name":"厦门","value":1},{"name":"莆田","value":3},{"name":"三明","value":1},{"name":"泉州","value":5},{"name":"宁德","value":1},{"name":"天水","value":1},{"name":"定西","value":1},{"name":"广州","value":16},{"name":"深圳","value":23},{"name":"珠海","value":4},{"name":"汕头","value":6},{"name":"佛山","value":7},{"name":"江门","value":1},{"name":"湛江","value":2},{"name":"茂名","value":1},{"name":"惠州","value":5},{"name":"梅州","value":1},{"name":"中山","value":4},{"name":"南宁","value":8},{"name":"柳州","value":4},{"name":"桂林","value":2},{"name":"北海","value":2},{"name":"钦州","value":1},{"name":"贺州","value":1},{"name":"河池","value":2},{"name":"遵义","value":1},{"name":"毕节","value":1},{"name":"黔东南","value":1},{"name":"琼海","value":2},{"name":"陵水县","value":1},{"name":"石家庄","value":1},{"name":"唐山","value":4},{"name":"邯郸","value":3},{"name":"邢台","value":4},{"name":"保定","value":5},{"name":"张家口","value":5},{"name":"承德","value":1},{"name":"沧州","value":10},{"name":"衡水","value":1},{"name":"哈尔滨","value":2},{"name":"鹤岗","value":1},{"name":"绥化","value":2},{"name":"大兴安岭","value":1},{"name":"郑州","value":6},{"name":"开封","value":1},{"name":"平顶山","value":3},{"name":"安阳","value":2},{"name":"鹤壁","value":1},{"name":"新乡","value":4},{"name":"许昌","value":1},{"name":"漯河","value":2},{"name":"三门峡","value":1},{"name":"南阳","value":20},{"name":"商丘","value":4},{"name":"信阳","value":10},{"name":"周口","value":6},{"name":"驻马店","value":9},{"name":"武汉","value":356},{"name":"黄石","value":27},{"name":"十堰","value":31},{"name":"宜昌","value":54},{"name":"襄阳","value":32},{"name":"鄂州","value":39},{"name":"荆门","value":49},{"name":"孝感","value":125},{"name":"荆州","value":50},{"name":"黄冈","value":172},{"name":"咸宁","value":18},{"name":"随州","value":27},{"name":"恩施州","value":15},{"name":"仙桃","value":23},{"name":"潜江","value":2},{"name":"天门","value":10},{"name":"神农架","value":2},{"name":"长沙","value":11},{"name":"株洲","value":5},{"name":"湘潭","value":1},{"name":"衡阳","value":3},{"name":"邵阳","value":10},{"name":"岳阳","value":3},{"name":"常德","value":4},{"name":"张家界","value":1},{"name":"益阳","value":3},{"name":"郴州","value":3},{"name":"永州","value":3},{"name":"怀化","value":5},{"name":"娄底","value":3},{"name":"湘西自治州","value":1},{"name":"南京","value":5},{"name":"无锡","value":1},{"name":"徐州","value":7},{"name":"常州","value":2},{"name":"苏州","value":4},{"name":"南通","value":3},{"name":"连云港","value":3},{"name":"淮安","value":4},{"name":"泰州","value":1},{"name":"南昌","value":21},{"name":"萍乡","value":3},{"name":"九江","value":15},{"name":"鹰潭","value":2},{"name":"赣州","value":5},{"name":"吉安","value":1},{"name":"抚州","value":4},{"name":"上饶","value":2},{"name":"长春","value":3},{"name":"延边","value":2},{"name":"沈阳","value":1},{"name":"本溪","value":1},{"name":"盘锦","value":1},{"name":"朝阳市","value":1},{"name":"葫芦岛","value":1},{"name":"鄂尔多斯","value":1},{"name":"巴彦淖尔","value":1},{"name":"银川","value":2},{"name":"吴忠","value":2},{"name":"济南","value":3},{"name":"青岛","value":3},{"name":"淄博","value":2},{"name":"烟台","value":3},{"name":"潍坊","value":2},{"name":"济宁","value":3},{"name":"威海","value":3},{"name":"日照","value":1},{"name":"临沂","value":1},{"name":"聊城","value":2},{"name":"滨州","value":1},{"name":"大同","value":1},{"name":"长治","value":2},{"name":"朔州","value":1},{"name":"运城","value":3},{"name":"吕梁","value":1},{"name":"西安","value":3},{"name":"宝鸡","value":1},{"name":"咸阳","value":1},{"name":"延安","value":1},{"name":"汉中","value":2},{"name":"安康","value":2},{"name":"成都","value":13},{"name":"德阳","value":1},{"name":"绵阳","value":1},{"name":"广元","value":2},{"name":"遂宁","value":1},{"name":"南充","value":4},{"name":"眉山","value":1},{"name":"宜宾","value":3},{"name":"广安","value":2},{"name":"达州","value":2},{"name":"巴中","value":2},{"name":"甘孜","value":2},{"name":"乌鲁木齐","value":1},{"name":"拉萨","value":1},{"name":"昆明","value":6},{"name":"玉溪","value":1},{"name":"保山市","value":1},{"name":"昭通市","value":2},{"name":"普洱","value":2},{"name":"红河","value":2},{"name":"西双版纳州","value":4},{"name":"大理","value":1},{"name":"杭州","value":18},{"name":"宁波","value":21},{"name":"温州","value":58},{"name":"嘉兴","value":2},{"name":"金华","value":7},{"name":"衢州","value":2},{"name":"台州","value":24},{"name":"北京","value":20},{"name":"天津","value":3},{"name":"上海","value":21},{"name":"重庆","value":35},{"name":"香港","value":2},{"name":"null","value":0}]