[{"name":"蚌埠","value":1},{"name":"东莞","value":1},{"name":"防城港","value":1},{"name":"海口","value":5},{"name":"唐山","value":1},{"name":"哈尔滨","value":2},{"name":"大庆","value":3},{"name":"牡丹江","value":1},{"name":"郑州","value":1},{"name":"安阳","value":1},{"name":"漯河","value":1},{"name":"信阳","value":1},{"name":"武汉","value":615},{"name":"黄石","value":2},{"name":"十堰","value":5},{"name":"宜昌","value":3},{"name":"襄阳","value":3},{"name":"鄂州","value":25},{"name":"荆门","value":5},{"name":"孝感","value":66},{"name":"荆州","value":12},{"name":"黄冈","value":22},{"name":"咸宁","value":2},{"name":"随州","value":8},{"name":"仙桃","value":5},{"name":"天门","value":2},{"name":"长沙","value":1},{"name":"岳阳","value":1},{"name":"新余","value":1},{"name":"通化","value":1},{"name":"泰安","value":1},{"name":"临沂","value":1},{"name":"西安","value":1},{"name":"汉中","value":1},{"name":"泸州","value":4},{"name":"甘孜","value":2},{"name":"杭州","value":13},{"name":"嘉兴","value":1},{"name":"台湾","value":2},{"name":"北京","value":2},{"name":"天津","value":2},{"name":"重庆","value":5},{"name":"香港","value":3},{"name":"null","value":0}]