[{"name":"合肥","value":4},{"name":"芜湖","value":1},{"name":"马鞍山","value":4},{"name":"铜陵","value":3},{"name":"安庆","value":3},{"name":"滁州","value":1},{"name":"阜阳","value":5},{"name":"亳州","value":3},{"name":"福州","value":1},{"name":"三明","value":1},{"name":"泉州","value":2},{"name":"漳州","value":3},{"name":"宁德","value":1},{"name":"兰州","value":1},{"name":"临夏","value":1},{"name":"广州","value":7},{"name":"深圳","value":5},{"name":"珠海","value":2},{"name":"汕头","value":1},{"name":"佛山","value":3},{"name":"肇庆","value":1},{"name":"惠州","value":2},{"name":"阳江","value":2},{"name":"清远","value":1},{"name":"东莞","value":1},{"name":"柳州","value":1},{"name":"桂林","value":4},{"name":"防城港","value":2},{"name":"玉林","value":1},{"name":"河池","value":2},{"name":"铜仁","value":1},{"name":"三亚","value":3},{"name":"儋州","value":3},{"name":"万宁","value":3},{"name":"石家庄","value":3},{"name":"保定","value":1},{"name":"承德","value":1},{"name":"沧州","value":1},{"name":"哈尔滨","value":5},{"name":"郑州","value":3},{"name":"平顶山","value":1},{"name":"新乡","value":1},{"name":"南阳","value":8},{"name":"信阳","value":4},{"name":"周口","value":3},{"name":"驻马店","value":2},{"name":"武汉","value":77},{"name":"十堰","value":4},{"name":"鄂州","value":1},{"name":"荆门","value":13},{"name":"孝感","value":4},{"name":"荆州","value":2},{"name":"黄冈","value":52},{"name":"随州","value":5},{"name":"恩施州","value":11},{"name":"仙桃","value":8},{"name":"天门","value":3},{"name":"湘潭","value":1},{"name":"衡阳","value":3},{"name":"邵阳","value":2},{"name":"岳阳","value":2},{"name":"常德","value":3},{"name":"益阳","value":4},{"name":"怀化","value":2},{"name":"娄底","value":2},{"name":"南京","value":1},{"name":"常州","value":5},{"name":"苏州","value":1},{"name":"盐城","value":1},{"name":"宿迁","value":1},{"name":"南昌","value":1},{"name":"景德镇","value":1},{"name":"九江","value":1},{"name":"赣州","value":2},{"name":"宜春","value":1},{"name":"抚州","value":3},{"name":"上饶","value":2},{"name":"吉林","value":1},{"name":"沈阳","value":1},{"name":"大连","value":1},{"name":"本溪","value":1},{"name":"铁岭","value":2},{"name":"朝阳市","value":1},{"name":"葫芦岛","value":2},{"name":"锡林郭勒盟","value":1},{"name":"固原","value":1},{"name":"济南","value":2},{"name":"青岛","value":1},{"name":"烟台","value":2},{"name":"潍坊","value":1},{"name":"济宁","value":2},{"name":"威海","value":2},{"name":"日照","value":2},{"name":"临沂","value":1},{"name":"德州","value":1},{"name":"聊城","value":1},{"name":"太原","value":1},{"name":"大同","value":1},{"name":"长治","value":1},{"name":"运城","value":2},{"name":"延安","value":1},{"name":"安康","value":1},{"name":"成都","value":9},{"name":"自贡","value":1},{"name":"泸州","value":1},{"name":"遂宁","value":1},{"name":"内江","value":1},{"name":"乌鲁木齐","value":1},{"name":"昆明","value":3},{"name":"丽江市","value":1},{"name":"西双版纳州","value":1},{"name":"杭州","value":6},{"name":"宁波","value":1},{"name":"温州","value":4},{"name":"嘉兴","value":1},{"name":"绍兴","value":3},{"name":"金华","value":1},{"name":"舟山","value":1},{"name":"台州","value":2},{"name":"北京","value":12},{"name":"天津","value":5},{"name":"上海","value":4},{"name":"重庆","value":30}]