[{"name":"阳江","value":1},{"name":"东莞","value":2},{"name":"河池","value":2},{"name":"武汉","value":348},{"name":"黄石","value":4},{"name":"十堰","value":2},{"name":"宜昌","value":7},{"name":"襄阳","value":1},{"name":"鄂州","value":4},{"name":"荆门","value":2},{"name":"孝感","value":22},{"name":"随州","value":3},{"name":"仙桃","value":2},{"name":"潜江","value":3},{"name":"通化","value":2},{"name":"青岛","value":1},{"name":"南充","value":1},{"name":"台湾","value":2},{"name":"重庆","value":2},{"name":"香港","value":5},{"name":"null","value":0}]