[{"name":"合肥","value":11},{"name":"蚌埠","value":7},{"name":"铜陵","value":4},{"name":"黄山","value":2},{"name":"阜阳","value":10},{"name":"六安","value":1},{"name":"池州","value":2},{"name":"福州","value":2},{"name":"厦门","value":6},{"name":"莆田","value":5},{"name":"泉州","value":4},{"name":"漳州","value":1},{"name":"宁德","value":1},{"name":"兰州","value":1},{"name":"陇南","value":2},{"name":"广州","value":27},{"name":"深圳","value":24},{"name":"珠海","value":8},{"name":"佛山","value":7},{"name":"湛江","value":2},{"name":"肇庆","value":1},{"name":"汕尾","value":2},{"name":"东莞","value":9},{"name":"中山","value":2},{"name":"南宁","value":1},{"name":"柳州","value":1},{"name":"北海","value":2},{"name":"防城港","value":2},{"name":"玉林","value":2},{"name":"河池","value":1},{"name":"六盘水","value":3},{"name":"琼海","value":1},{"name":"定安县","value":1},{"name":"昌江","value":1},{"name":"石家庄","value":1},{"name":"唐山","value":1},{"name":"秦皇岛","value":1},{"name":"邯郸","value":3},{"name":"邢台","value":3},{"name":"张家口","value":2},{"name":"沧州","value":1},{"name":"廊坊","value":2},{"name":"哈尔滨","value":5},{"name":"大庆","value":2},{"name":"佳木斯","value":3},{"name":"七台河","value":1},{"name":"牡丹江","value":1},{"name":"绥化","value":2},{"name":"大兴安岭","value":1},{"name":"郑州","value":4},{"name":"开封","value":2},{"name":"洛阳","value":1},{"name":"平顶山","value":2},{"name":"安阳","value":4},{"name":"新乡","value":4},{"name":"濮阳","value":2},{"name":"许昌","value":5},{"name":"漯河","value":2},{"name":"三门峡","value":1},{"name":"南阳","value":10},{"name":"商丘","value":9},{"name":"信阳","value":7},{"name":"周口","value":11},{"name":"驻马店","value":5},{"name":"武汉","value":378},{"name":"黄石","value":55},{"name":"十堰","value":31},{"name":"宜昌","value":50},{"name":"襄阳","value":123},{"name":"鄂州","value":66},{"name":"荆门","value":36},{"name":"孝感","value":142},{"name":"荆州","value":70},{"name":"黄冈","value":77},{"name":"咸宁","value":36},{"name":"随州","value":85},{"name":"恩施州","value":9},{"name":"仙桃","value":35},{"name":"潜江","value":2},{"name":"天门","value":23},{"name":"神农架","value":2},{"name":"长沙","value":11},{"name":"株洲","value":1},{"name":"湘潭","value":1},{"name":"衡阳","value":5},{"name":"邵阳","value":7},{"name":"岳阳","value":8},{"name":"常德","value":7},{"name":"益阳","value":3},{"name":"郴州","value":2},{"name":"永州","value":2},{"name":"怀化","value":3},{"name":"娄底","value":4},{"name":"湘西自治州","value":1},{"name":"南京","value":6},{"name":"无锡","value":2},{"name":"徐州","value":5},{"name":"常州","value":3},{"name":"苏州","value":8},{"name":"南通","value":1},{"name":"连云港","value":3},{"name":"淮安","value":3},{"name":"盐城","value":2},{"name":"泰州","value":3},{"name":"宿迁","value":3},{"name":"南昌","value":21},{"name":"景德镇","value":1},{"name":"萍乡","value":3},{"name":"九江","value":11},{"name":"新余","value":17},{"name":"鹰潭","value":1},{"name":"赣州","value":6},{"name":"吉安","value":3},{"name":"宜春","value":12},{"name":"抚州","value":2},{"name":"上饶","value":1},{"name":"沈阳","value":1},{"name":"大连","value":2},{"name":"朝阳市","value":1},{"name":"乌兰察布","value":2},{"name":"银川","value":2},{"name":"固原","value":1},{"name":"中卫","value":1},{"name":"西宁","value":2},{"name":"济南","value":2},{"name":"青岛","value":3},{"name":"淄博","value":2},{"name":"枣庄","value":1},{"name":"烟台","value":5},{"name":"潍坊","value":1},{"name":"威海","value":5},{"name":"日照","value":1},{"name":"临沂","value":4},{"name":"德州","value":5},{"name":"聊城","value":2},{"name":"滨州","value":2},{"name":"太原","value":1},{"name":"大同","value":1},{"name":"运城","value":1},{"name":"吕梁","value":1},{"name":"西安","value":4},{"name":"渭南","value":1},{"name":"榆林","value":1},{"name":"安康","value":2},{"name":"成都","value":10},{"name":"自贡","value":2},{"name":"攀枝花","value":1},{"name":"德阳","value":4},{"name":"绵阳","value":2},{"name":"遂宁","value":1},{"name":"内江","value":2},{"name":"南充","value":2},{"name":"宜宾","value":2},{"name":"广安","value":4},{"name":"达州","value":2},{"name":"雅安","value":1},{"name":"巴中","value":1},{"name":"阿坝","value":1},{"name":"凉山","value":1},{"name":"乌鲁木齐","value":1},{"name":"阿克苏","value":1},{"name":"伊犁州","value":1},{"name":"昆明","value":3},{"name":"保山市","value":1},{"name":"普洱","value":1},{"name":"西双版纳州","value":2},{"name":"大理","value":2},{"name":"德宏州","value":1},{"name":"杭州","value":16},{"name":"宁波","value":5},{"name":"温州","value":55},{"name":"湖州","value":1},{"name":"绍兴","value":4},{"name":"金华","value":7},{"name":"衢州","value":2},{"name":"舟山","value":1},{"name":"台州","value":17},{"name":"丽水","value":1},{"name":"台湾","value":1},{"name":"北京","value":21},{"name":"天津","value":5},{"name":"上海","value":27},{"name":"重庆","value":24},{"name":"香港","value":2},{"name":"null","value":0}]