[{"name":"合肥","value":1},{"name":"东莞","value":1},{"name":"河池","value":1},{"name":"唐山","value":1},{"name":"哈尔滨","value":3},{"name":"郑州","value":1},{"name":"信阳","value":1},{"name":"武汉","value":319},{"name":"黄石","value":7},{"name":"十堰","value":13},{"name":"宜昌","value":4},{"name":"襄阳","value":3},{"name":"鄂州","value":5},{"name":"荆门","value":6},{"name":"孝感","value":17},{"name":"荆州","value":7},{"name":"黄冈","value":17},{"name":"随州","value":4},{"name":"恩施州","value":1},{"name":"仙桃","value":1},{"name":"潜江","value":3},{"name":"天门","value":4},{"name":"常德","value":1},{"name":"济宁","value":201},{"name":"泰安","value":1},{"name":"太原","value":1},{"name":"西安","value":2},{"name":"安康","value":1},{"name":"成都","value":2},{"name":"德阳","value":1},{"name":"达州","value":1},{"name":"甘孜","value":1},{"name":"昆明","value":1},{"name":"红河","value":1},{"name":"宁波","value":1},{"name":"北京","value":1},{"name":"天津","value":1},{"name":"上海","value":1},{"name":"重庆","value":7},{"name":"香港","value":3},{"name":"null","value":0}]