[{"name":"合肥","value":11},{"name":"芜湖","value":1},{"name":"蚌埠","value":11},{"name":"淮南","value":1},{"name":"铜陵","value":1},{"name":"安庆","value":3},{"name":"滁州","value":1},{"name":"阜阳","value":7},{"name":"宿州","value":3},{"name":"六安","value":3},{"name":"亳州","value":5},{"name":"池州","value":3},{"name":"宣城","value":1},{"name":"福州","value":1},{"name":"厦门","value":3},{"name":"莆田","value":4},{"name":"南平","value":2},{"name":"宁德","value":1},{"name":"平凉","value":3},{"name":"庆阳","value":1},{"name":"广州","value":9},{"name":"深圳","value":4},{"name":"珠海","value":2},{"name":"佛山","value":3},{"name":"江门","value":2},{"name":"茂名","value":1},{"name":"惠州","value":3},{"name":"东莞","value":2},{"name":"中山","value":5},{"name":"南宁","value":2},{"name":"柳州","value":2},{"name":"桂林","value":1},{"name":"北海","value":2},{"name":"防城港","value":1},{"name":"贵港","value":1},{"name":"河池","value":2},{"name":"来宾","value":4},{"name":"贵阳","value":5},{"name":"遵义","value":4},{"name":"铜仁","value":1},{"name":"黔东南","value":2},{"name":"黔南","value":1},{"name":"海口","value":5},{"name":"三亚","value":1},{"name":"临高县","value":1},{"name":"昌江","value":1},{"name":"石家庄","value":1},{"name":"唐山","value":1},{"name":"保定","value":5},{"name":"张家口","value":3},{"name":"廊坊","value":2},{"name":"哈尔滨","value":14},{"name":"齐齐哈尔","value":3},{"name":"鹤岗","value":1},{"name":"佳木斯","value":1},{"name":"七台河","value":1},{"name":"黑河","value":2},{"name":"绥化","value":2},{"name":"郑州","value":4},{"name":"洛阳","value":2},{"name":"平顶山","value":2},{"name":"安阳","value":1},{"name":"新乡","value":2},{"name":"焦作","value":1},{"name":"濮阳","value":1},{"name":"南阳","value":1},{"name":"商丘","value":1},{"name":"信阳","value":15},{"name":"周口","value":3},{"name":"驻马店","value":7},{"name":"武汉","value":1921},{"name":"黄石","value":52},{"name":"十堰","value":14},{"name":"宜昌","value":45},{"name":"襄阳","value":57},{"name":"鄂州","value":89},{"name":"荆门","value":12},{"name":"孝感","value":105},{"name":"荆州","value":48},{"name":"黄冈","value":115},{"name":"咸宁","value":14},{"name":"随州","value":65},{"name":"恩施州","value":21},{"name":"仙桃","value":37},{"name":"潜江","value":3},{"name":"天门","value":20},{"name":"长沙","value":8},{"name":"株洲","value":3},{"name":"湘潭","value":3},{"name":"邵阳","value":2},{"name":"岳阳","value":9},{"name":"常德","value":6},{"name":"益阳","value":7},{"name":"永州","value":1},{"name":"娄底","value":2},{"name":"南京","value":7},{"name":"无锡","value":3},{"name":"徐州","value":4},{"name":"苏州","value":2},{"name":"南通","value":1},{"name":"连云港","value":3},{"name":"淮安","value":2},{"name":"盐城","value":1},{"name":"泰州","value":1},{"name":"南昌","value":10},{"name":"萍乡","value":1},{"name":"九江","value":1},{"name":"新余","value":5},{"name":"鹰潭","value":1},{"name":"赣州","value":2},{"name":"吉安","value":1},{"name":"宜春","value":3},{"name":"抚州","value":1},{"name":"上饶","value":5},{"name":"长春","value":2},{"name":"锦州","value":1},{"name":"阜新","value":1},{"name":"包头","value":1},{"name":"通辽","value":3},{"name":"吴忠","value":3},{"name":"固原","value":1},{"name":"济南","value":2},{"name":"青岛","value":5},{"name":"烟台","value":3},{"name":"潍坊","value":3},{"name":"泰安","value":3},{"name":"威海","value":1},{"name":"临沂","value":2},{"name":"德州","value":2},{"name":"聊城","value":1},{"name":"菏泽","value":2},{"name":"太原","value":2},{"name":"朔州","value":1},{"name":"忻州","value":1},{"name":"西安","value":8},{"name":"宝鸡","value":1},{"name":"渭南","value":4},{"name":"成都","value":3},{"name":"泸州","value":1},{"name":"绵阳","value":1},{"name":"遂宁","value":2},{"name":"南充","value":1},{"name":"达州","value":3},{"name":"巴中","value":1},{"name":"甘孜","value":6},{"name":"凉山","value":1},{"name":"昌吉州","value":1},{"name":"昆明","value":1},{"name":"宁波","value":3},{"name":"温州","value":16},{"name":"嘉兴","value":2},{"name":"绍兴","value":3},{"name":"台州","value":3},{"name":"台湾","value":1},{"name":"北京","value":11},{"name":"天津","value":3},{"name":"上海","value":3},{"name":"重庆","value":22},{"name":"香港","value":10},{"name":"null","value":0}]