[{"name":"福州","value":1},{"name":"莆田","value":1},{"name":"张家口","value":5},{"name":"南阳","value":1},{"name":"武汉","value":383},{"name":"黄石","value":2},{"name":"宜昌","value":2},{"name":"鄂州","value":2},{"name":"荆门","value":1},{"name":"孝感","value":15},{"name":"荆州","value":2},{"name":"随州","value":1},{"name":"潜江","value":1},{"name":"永州","value":1},{"name":"中卫","value":1},{"name":"甘孜","value":3},{"name":"台湾","value":1},{"name":"北京","value":10},{"name":"上海","value":1},{"name":"香港","value":6},{"name":"null","value":0}]