[{"name":"合肥","value":7},{"name":"蚌埠","value":7},{"name":"阜阳","value":6},{"name":"宿州","value":3},{"name":"亳州","value":5},{"name":"池州","value":1},{"name":"福州","value":1},{"name":"厦门","value":1},{"name":"莆田","value":1},{"name":"漳州","value":2},{"name":"广州","value":6},{"name":"深圳","value":11},{"name":"珠海","value":1},{"name":"佛山","value":8},{"name":"江门","value":1},{"name":"茂名","value":2},{"name":"肇庆","value":1},{"name":"惠州","value":1},{"name":"清远","value":2},{"name":"东莞","value":5},{"name":"中山","value":4},{"name":"南宁","value":3},{"name":"桂林","value":1},{"name":"北海","value":3},{"name":"遵义","value":2},{"name":"铜仁","value":1},{"name":"毕节","value":1},{"name":"黔南","value":9},{"name":"三亚","value":1},{"name":"澄迈县","value":1},{"name":"昌江","value":1},{"name":"唐山","value":2},{"name":"邯郸","value":2},{"name":"保定","value":1},{"name":"沧州","value":5},{"name":"廊坊","value":2},{"name":"哈尔滨","value":4},{"name":"齐齐哈尔","value":1},{"name":"鸡西","value":5},{"name":"双鸭山","value":1},{"name":"大庆","value":1},{"name":"黑河","value":2},{"name":"绥化","value":4},{"name":"郑州","value":5},{"name":"洛阳","value":1},{"name":"平顶山","value":1},{"name":"安阳","value":3},{"name":"鹤壁","value":1},{"name":"新乡","value":5},{"name":"濮阳","value":2},{"name":"许昌","value":2},{"name":"漯河","value":2},{"name":"南阳","value":2},{"name":"信阳","value":3},{"name":"周口","value":1},{"name":"驻马店","value":2},{"name":"武汉","value":1104},{"name":"黄石","value":39},{"name":"十堰","value":31},{"name":"宜昌","value":12},{"name":"襄阳","value":25},{"name":"鄂州","value":71},{"name":"荆门","value":40},{"name":"孝感","value":109},{"name":"荆州","value":35},{"name":"黄冈","value":66},{"name":"咸宁","value":10},{"name":"随州","value":34},{"name":"恩施州","value":8},{"name":"仙桃","value":22},{"name":"天门","value":32},{"name":"长沙","value":4},{"name":"株洲","value":3},{"name":"邵阳","value":3},{"name":"岳阳","value":12},{"name":"常德","value":2},{"name":"益阳","value":4},{"name":"郴州","value":5},{"name":"永州","value":1},{"name":"南京","value":3},{"name":"无锡","value":3},{"name":"徐州","value":3},{"name":"常州","value":5},{"name":"苏州","value":4},{"name":"南通","value":2},{"name":"连云港","value":2},{"name":"淮安","value":1},{"name":"盐城","value":3},{"name":"泰州","value":2},{"name":"南昌","value":11},{"name":"萍乡","value":3},{"name":"九江","value":4},{"name":"新余","value":7},{"name":"鹰潭","value":4},{"name":"宜春","value":5},{"name":"抚州","value":1},{"name":"上饶","value":5},{"name":"长春","value":2},{"name":"沈阳","value":2},{"name":"锦州","value":1},{"name":"铁岭","value":3},{"name":"葫芦岛","value":2},{"name":"赤峰","value":1},{"name":"呼伦贝尔","value":1},{"name":"银川","value":1},{"name":"吴忠","value":4},{"name":"济南","value":1},{"name":"淄博","value":1},{"name":"烟台","value":2},{"name":"济宁","value":1},{"name":"威海","value":1},{"name":"临沂","value":1},{"name":"德州","value":1},{"name":"聊城","value":1},{"name":"滨州","value":1},{"name":"菏泽","value":1},{"name":"长治","value":1},{"name":"晋中","value":1},{"name":"西安","value":6},{"name":"成都","value":1},{"name":"泸州","value":1},{"name":"绵阳","value":1},{"name":"内江","value":2},{"name":"眉山","value":1},{"name":"宜宾","value":1},{"name":"达州","value":3},{"name":"甘孜","value":9},{"name":"伊犁州","value":2},{"name":"昆明","value":1},{"name":"曲靖","value":1},{"name":"昭通市","value":2},{"name":"红河","value":1},{"name":"宁波","value":2},{"name":"温州","value":7},{"name":"嘉兴","value":2},{"name":"金华","value":1},{"name":"北京","value":10},{"name":"天津","value":11},{"name":"上海","value":4},{"name":"重庆","value":19},{"name":"香港","value":7},{"name":"null","value":0}]