[{"name":"合肥","value":2},{"name":"蚌埠","value":4},{"name":"马鞍山","value":1},{"name":"淮北","value":1},{"name":"安庆","value":1},{"name":"阜阳","value":4},{"name":"六安","value":2},{"name":"亳州","value":1},{"name":"莆田","value":1},{"name":"泉州","value":2},{"name":"漳州","value":1},{"name":"广州","value":7},{"name":"韶关","value":2},{"name":"深圳","value":6},{"name":"珠海","value":4},{"name":"佛山","value":2},{"name":"惠州","value":2},{"name":"梅州","value":1},{"name":"东莞","value":8},{"name":"中山","value":1},{"name":"南宁","value":2},{"name":"柳州","value":2},{"name":"北海","value":3},{"name":"玉林","value":1},{"name":"河池","value":1},{"name":"遵义","value":3},{"name":"海口","value":4},{"name":"澄迈县","value":1},{"name":"唐山","value":3},{"name":"秦皇岛","value":1},{"name":"保定","value":1},{"name":"张家口","value":2},{"name":"沧州","value":1},{"name":"哈尔滨","value":3},{"name":"鸡西","value":1},{"name":"大庆","value":1},{"name":"伊春","value":1},{"name":"绥化","value":1},{"name":"郑州","value":2},{"name":"洛阳","value":1},{"name":"平顶山","value":1},{"name":"安阳","value":1},{"name":"焦作","value":1},{"name":"濮阳","value":4},{"name":"漯河","value":1},{"name":"南阳","value":4},{"name":"商丘","value":2},{"name":"信阳","value":9},{"name":"周口","value":1},{"name":"驻马店","value":1},{"name":"武汉","value":1923},{"name":"黄石","value":37},{"name":"十堰","value":12},{"name":"宜昌","value":18},{"name":"襄阳","value":17},{"name":"鄂州","value":67},{"name":"荆门","value":6},{"name":"孝感","value":105},{"name":"荆州","value":43},{"name":"黄冈","value":26},{"name":"咸宁","value":100},{"name":"随州","value":28},{"name":"恩施州","value":7},{"name":"仙桃","value":14},{"name":"潜江","value":12},{"name":"天门","value":8},{"name":"长沙","value":3},{"name":"株洲","value":1},{"name":"湘潭","value":1},{"name":"衡阳","value":1},{"name":"岳阳","value":4},{"name":"怀化","value":1},{"name":"娄底","value":2},{"name":"无锡","value":1},{"name":"徐州","value":1},{"name":"苏州","value":1},{"name":"南通","value":1},{"name":"连云港","value":1},{"name":"淮安","value":4},{"name":"盐城","value":1},{"name":"扬州","value":1},{"name":"南昌","value":5},{"name":"萍乡","value":1},{"name":"九江","value":1},{"name":"新余","value":3},{"name":"宜春","value":1},{"name":"抚州","value":1},{"name":"上饶","value":1},{"name":"长春","value":1},{"name":"辽源","value":1},{"name":"鞍山","value":1},{"name":"巴彦淖尔","value":2},{"name":"锡林郭勒盟","value":1},{"name":"银川","value":1},{"name":"吴忠","value":2},{"name":"青岛","value":3},{"name":"淄博","value":2},{"name":"枣庄","value":1},{"name":"潍坊","value":1},{"name":"济宁","value":3},{"name":"德州","value":1},{"name":"太原","value":1},{"name":"安康","value":1},{"name":"成都","value":4},{"name":"内江","value":1},{"name":"甘孜","value":1},{"name":"凉山","value":1},{"name":"吐鲁番","value":1},{"name":"伊犁州","value":2},{"name":"石河子市","value":1},{"name":"五家渠市","value":1},{"name":"昭通市","value":6},{"name":"杭州","value":1},{"name":"宁波","value":1},{"name":"温州","value":3},{"name":"嘉兴","value":1},{"name":"台州","value":1},{"name":"北京","value":3},{"name":"天津","value":1},{"name":"上海","value":8},{"name":"重庆","value":8},{"name":"香港","value":3},{"name":"null","value":0}]