[{"name":"马鞍山","value":1},{"name":"广州","value":4},{"name":"深圳","value":1},{"name":"肇庆","value":1},{"name":"南宁","value":1},{"name":"桂林","value":1},{"name":"河池","value":1},{"name":"石家庄","value":1},{"name":"信阳","value":3},{"name":"武汉","value":314},{"name":"黄石","value":5},{"name":"十堰","value":3},{"name":"襄阳","value":2},{"name":"鄂州","value":2},{"name":"荆门","value":2},{"name":"孝感","value":2},{"name":"荆州","value":6},{"name":"黄冈","value":16},{"name":"咸宁","value":2},{"name":"随州","value":4},{"name":"恩施州","value":1},{"name":"仙桃","value":3},{"name":"潜江","value":1},{"name":"天门","value":1},{"name":"神农架","value":1},{"name":"株洲","value":1},{"name":"湘潭","value":1},{"name":"淄博","value":1},{"name":"泰安","value":1},{"name":"甘孜","value":1},{"name":"台湾","value":2},{"name":"北京","value":3},{"name":"天津","value":2},{"name":"重庆","value":5},{"name":"null","value":0}]