[{"name":"合肥","value":2},{"name":"蚌埠","value":1},{"name":"淮南","value":1},{"name":"淮北","value":1},{"name":"安庆","value":1},{"name":"阜阳","value":1},{"name":"宿州","value":1},{"name":"六安","value":3},{"name":"福州","value":1},{"name":"厦门","value":1},{"name":"三明","value":1},{"name":"广州","value":1},{"name":"深圳","value":1},{"name":"珠海","value":1},{"name":"茂名","value":1},{"name":"河源","value":1},{"name":"中山","value":1},{"name":"南宁","value":1},{"name":"贵阳","value":2},{"name":"邢台","value":1},{"name":"哈尔滨","value":6},{"name":"齐齐哈尔","value":4},{"name":"双鸭山","value":1},{"name":"大庆","value":1},{"name":"郑州","value":3},{"name":"新乡","value":1},{"name":"焦作","value":2},{"name":"南阳","value":3},{"name":"信阳","value":1},{"name":"周口","value":4},{"name":"济源","value":1},{"name":"武汉","value":1690},{"name":"十堰","value":10},{"name":"襄阳","value":11},{"name":"鄂州","value":44},{"name":"孝感","value":78},{"name":"荆州","value":11},{"name":"黄冈","value":5},{"name":"随州","value":13},{"name":"恩施州","value":2},{"name":"仙桃","value":8},{"name":"潜江","value":16},{"name":"天门","value":38},{"name":"衡阳","value":1},{"name":"娄底","value":1},{"name":"无锡","value":2},{"name":"徐州","value":1},{"name":"常州","value":3},{"name":"淮安","value":2},{"name":"扬州","value":1},{"name":"南昌","value":1},{"name":"景德镇","value":1},{"name":"萍乡","value":1},{"name":"宜春","value":2},{"name":"锡林郭勒盟","value":2},{"name":"烟台","value":1},{"name":"潍坊","value":1},{"name":"济宁","value":1},{"name":"滨州","value":1},{"name":"晋中","value":1},{"name":"汉中","value":4},{"name":"遂宁","value":5},{"name":"达州","value":2},{"name":"甘孜","value":7},{"name":"伊犁州","value":2},{"name":"昆明","value":2},{"name":"杭州","value":2},{"name":"宁波","value":1},{"name":"温州","value":1},{"name":"台湾","value":2},{"name":"北京","value":1},{"name":"天津","value":2},{"name":"上海","value":3},{"name":"重庆","value":7},{"name":"香港","value":1},{"name":"null","value":0}]