[{"name":"合肥","value":6},{"name":"芜湖","value":5},{"name":"蚌埠","value":6},{"name":"淮南","value":1},{"name":"淮北","value":3},{"name":"铜陵","value":1},{"name":"安庆","value":8},{"name":"滁州","value":3},{"name":"阜阳","value":14},{"name":"宿州","value":2},{"name":"六安","value":10},{"name":"亳州","value":9},{"name":"池州","value":4},{"name":"福州","value":6},{"name":"厦门","value":1},{"name":"莆田","value":3},{"name":"泉州","value":4},{"name":"龙岩","value":1},{"name":"兰州","value":2},{"name":"天水","value":2},{"name":"庆阳","value":1},{"name":"广州","value":27},{"name":"韶关","value":1},{"name":"深圳","value":43},{"name":"珠海","value":13},{"name":"汕头","value":1},{"name":"佛山","value":6},{"name":"江门","value":2},{"name":"湛江","value":1},{"name":"茂名","value":1},{"name":"肇庆","value":3},{"name":"惠州","value":1},{"name":"梅州","value":2},{"name":"阳江","value":2},{"name":"清远","value":2},{"name":"东莞","value":6},{"name":"中山","value":6},{"name":"南宁","value":5},{"name":"柳州","value":1},{"name":"北海","value":1},{"name":"防城港","value":2},{"name":"钦州","value":1},{"name":"河池","value":2},{"name":"贵阳","value":3},{"name":"遵义","value":1},{"name":"黔西南","value":1},{"name":"毕节","value":4},{"name":"黔南","value":1},{"name":"海口","value":1},{"name":"三亚","value":1},{"name":"儋州","value":1},{"name":"万宁","value":3},{"name":"定安县","value":2},{"name":"澄迈县","value":1},{"name":"石家庄","value":5},{"name":"邯郸","value":3},{"name":"邢台","value":2},{"name":"承德","value":1},{"name":"沧州","value":1},{"name":"衡水","value":1},{"name":"哈尔滨","value":18},{"name":"齐齐哈尔","value":3},{"name":"鸡西","value":5},{"name":"鹤岗","value":1},{"name":"双鸭山","value":5},{"name":"七台河","value":1},{"name":"绥化","value":6},{"name":"郑州","value":13},{"name":"开封","value":1},{"name":"洛阳","value":5},{"name":"平顶山","value":9},{"name":"安阳","value":5},{"name":"鹤壁","value":2},{"name":"新乡","value":8},{"name":"焦作","value":4},{"name":"濮阳","value":1},{"name":"许昌","value":4},{"name":"漯河","value":3},{"name":"南阳","value":15},{"name":"商丘","value":19},{"name":"信阳","value":13},{"name":"周口","value":5},{"name":"驻马店","value":14},{"name":"济源","value":2},{"name":"武汉","value":1242},{"name":"黄石","value":71},{"name":"十堰","value":35},{"name":"宜昌","value":60},{"name":"襄阳","value":84},{"name":"鄂州","value":26},{"name":"荆门","value":55},{"name":"孝感","value":202},{"name":"荆州","value":114},{"name":"黄冈","value":176},{"name":"咸宁","value":52},{"name":"随州","value":183},{"name":"恩施州","value":12},{"name":"仙桃","value":19},{"name":"潜江","value":9},{"name":"天门","value":2},{"name":"神农架","value":3},{"name":"长沙","value":23},{"name":"株洲","value":8},{"name":"湘潭","value":2},{"name":"衡阳","value":3},{"name":"邵阳","value":4},{"name":"岳阳","value":13},{"name":"常德","value":5},{"name":"益阳","value":5},{"name":"郴州","value":1},{"name":"怀化","value":3},{"name":"娄底","value":5},{"name":"南京","value":4},{"name":"无锡","value":2},{"name":"徐州","value":3},{"name":"常州","value":4},{"name":"苏州","value":8},{"name":"南通","value":3},{"name":"连云港","value":3},{"name":"淮安","value":4},{"name":"扬州","value":1},{"name":"镇江","value":2},{"name":"泰州","value":2},{"name":"宿迁","value":1},{"name":"南昌","value":18},{"name":"景德镇","value":1},{"name":"萍乡","value":2},{"name":"九江","value":14},{"name":"新余","value":9},{"name":"赣州","value":7},{"name":"吉安","value":2},{"name":"宜春","value":9},{"name":"抚州","value":5},{"name":"上饶","value":18},{"name":"长春","value":1},{"name":"吉林","value":1},{"name":"四平","value":3},{"name":"辽源","value":3},{"name":"延边","value":1},{"name":"沈阳","value":1},{"name":"包头","value":1},{"name":"呼伦贝尔","value":1},{"name":"银川","value":4},{"name":"石嘴山","value":1},{"name":"中卫","value":1},{"name":"海北州","value":3},{"name":"济南","value":3},{"name":"青岛","value":4},{"name":"枣庄","value":1},{"name":"烟台","value":4},{"name":"济宁","value":3},{"name":"泰安","value":1},{"name":"日照","value":2},{"name":"临沂","value":3},{"name":"聊城","value":1},{"name":"滨州","value":1},{"name":"菏泽","value":1},{"name":"晋城","value":1},{"name":"晋中","value":4},{"name":"运城","value":3},{"name":"西安","value":8},{"name":"铜川","value":1},{"name":"宝鸡","value":1},{"name":"渭南","value":1},{"name":"安康","value":1},{"name":"成都","value":10},{"name":"泸州","value":2},{"name":"德阳","value":2},{"name":"广元","value":1},{"name":"内江","value":3},{"name":"南充","value":1},{"name":"眉山","value":2},{"name":"广安","value":3},{"name":"达州","value":2},{"name":"甘孜","value":2},{"name":"乌鲁木齐","value":2},{"name":"昌吉州","value":1},{"name":"伊犁州","value":1},{"name":"五家渠市","value":1},{"name":"昆明","value":2},{"name":"曲靖","value":1},{"name":"昭通市","value":1},{"name":"楚雄州","value":1},{"name":"文山州","value":1},{"name":"德宏州","value":1},{"name":"杭州","value":14},{"name":"宁波","value":27},{"name":"温州","value":49},{"name":"嘉兴","value":4},{"name":"金华","value":4},{"name":"衢州","value":1},{"name":"台州","value":6},{"name":"北京","value":16},{"name":"天津","value":12},{"name":"上海","value":15},{"name":"重庆","value":37},{"name":"null","value":0}]