[{"name":"泉州","value":1},{"name":"广州","value":1},{"name":"东莞","value":1},{"name":"河池","value":1},{"name":"武汉","value":464},{"name":"黄石","value":3},{"name":"十堰","value":2},{"name":"宜昌","value":2},{"name":"襄阳","value":1},{"name":"鄂州","value":2},{"name":"孝感","value":17},{"name":"荆州","value":2},{"name":"随州","value":2},{"name":"仙桃","value":2},{"name":"潜江","value":1},{"name":"天门","value":1},{"name":"晋中","value":1},{"name":"达州","value":1},{"name":"资阳","value":1},{"name":"台湾","value":2},{"name":"北京","value":1},{"name":"重庆","value":1},{"name":"香港","value":7},{"name":"null","value":0}]