[{"name":"合肥","value":13},{"name":"芜湖","value":2},{"name":"蚌埠","value":11},{"name":"淮南","value":7},{"name":"马鞍山","value":1},{"name":"铜陵","value":1},{"name":"安庆","value":5},{"name":"阜阳","value":8},{"name":"宿州","value":1},{"name":"六安","value":10},{"name":"亳州","value":9},{"name":"福州","value":2},{"name":"厦门","value":2},{"name":"莆田","value":3},{"name":"南平","value":2},{"name":"龙岩","value":1},{"name":"宁德","value":5},{"name":"平凉","value":1},{"name":"定西","value":3},{"name":"广州","value":14},{"name":"深圳","value":17},{"name":"珠海","value":9},{"name":"汕头","value":3},{"name":"佛山","value":3},{"name":"江门","value":3},{"name":"湛江","value":1},{"name":"惠州","value":2},{"name":"梅州","value":1},{"name":"河源","value":1},{"name":"东莞","value":3},{"name":"南宁","value":1},{"name":"桂林","value":1},{"name":"北海","value":1},{"name":"防城港","value":1},{"name":"钦州","value":1},{"name":"玉林","value":1},{"name":"河池","value":4},{"name":"来宾","value":1},{"name":"遵义","value":3},{"name":"黔西南","value":1},{"name":"毕节","value":8},{"name":"海口","value":3},{"name":"三亚","value":5},{"name":"万宁","value":1},{"name":"澄迈县","value":1},{"name":"昌江","value":1},{"name":"唐山","value":4},{"name":"秦皇岛","value":2},{"name":"邯郸","value":4},{"name":"邢台","value":2},{"name":"张家口","value":1},{"name":"承德","value":1},{"name":"沧州","value":5},{"name":"廊坊","value":5},{"name":"哈尔滨","value":6},{"name":"鸡西","value":2},{"name":"鹤岗","value":1},{"name":"七台河","value":1},{"name":"牡丹江","value":1},{"name":"黑河","value":1},{"name":"绥化","value":5},{"name":"郑州","value":8},{"name":"开封","value":1},{"name":"洛阳","value":1},{"name":"平顶山","value":2},{"name":"安阳","value":3},{"name":"鹤壁","value":2},{"name":"新乡","value":2},{"name":"焦作","value":2},{"name":"濮阳","value":2},{"name":"许昌","value":2},{"name":"漯河","value":3},{"name":"南阳","value":10},{"name":"商丘","value":3},{"name":"信阳","value":16},{"name":"周口","value":2},{"name":"驻马店","value":7},{"name":"武汉","value":1985},{"name":"黄石","value":68},{"name":"十堰","value":43},{"name":"宜昌","value":23},{"name":"襄阳","value":69},{"name":"鄂州","value":98},{"name":"荆门","value":35},{"name":"孝感","value":172},{"name":"荆州","value":56},{"name":"黄冈","value":144},{"name":"咸宁","value":33},{"name":"随州","value":38},{"name":"恩施州","value":3},{"name":"仙桃","value":52},{"name":"潜江","value":6},{"name":"天门","value":16},{"name":"长沙","value":6},{"name":"株洲","value":2},{"name":"湘潭","value":3},{"name":"邵阳","value":3},{"name":"岳阳","value":4},{"name":"常德","value":2},{"name":"益阳","value":1},{"name":"郴州","value":2},{"name":"永州","value":2},{"name":"娄底","value":6},{"name":"南京","value":8},{"name":"无锡","value":3},{"name":"徐州","value":3},{"name":"常州","value":2},{"name":"苏州","value":3},{"name":"南通","value":2},{"name":"连云港","value":3},{"name":"淮安","value":3},{"name":"盐城","value":1},{"name":"镇江","value":2},{"name":"泰州","value":1},{"name":"南昌","value":6},{"name":"九江","value":2},{"name":"新余","value":8},{"name":"鹰潭","value":1},{"name":"赣州","value":5},{"name":"吉安","value":1},{"name":"宜春","value":5},{"name":"抚州","value":3},{"name":"上饶","value":6},{"name":"辽源","value":1},{"name":"白城","value":1},{"name":"沈阳","value":1},{"name":"锦州","value":1},{"name":"葫芦岛","value":2},{"name":"包头","value":1},{"name":"通辽","value":1},{"name":"银川","value":1},{"name":"济南","value":3},{"name":"青岛","value":3},{"name":"烟台","value":3},{"name":"潍坊","value":2},{"name":"济宁","value":3},{"name":"威海","value":2},{"name":"临沂","value":3},{"name":"德州","value":1},{"name":"聊城","value":7},{"name":"菏泽","value":1},{"name":"太原","value":1},{"name":"大同","value":1},{"name":"晋中","value":3},{"name":"忻州","value":3},{"name":"西安","value":6},{"name":"铜川","value":1},{"name":"宝鸡","value":2},{"name":"汉中","value":1},{"name":"商洛","value":1},{"name":"成都","value":7},{"name":"攀枝花","value":1},{"name":"德阳","value":1},{"name":"绵阳","value":1},{"name":"遂宁","value":1},{"name":"南充","value":1},{"name":"眉山","value":1},{"name":"广安","value":1},{"name":"达州","value":2},{"name":"巴中","value":1},{"name":"凉山","value":2},{"name":"乌鲁木齐","value":1},{"name":"巴音郭楞蒙古自治州","value":1},{"name":"昆明","value":1},{"name":"曲靖","value":1},{"name":"玉溪","value":1},{"name":"杭州","value":6},{"name":"宁波","value":5},{"name":"温州","value":17},{"name":"嘉兴","value":2},{"name":"湖州","value":1},{"name":"绍兴","value":2},{"name":"金华","value":4},{"name":"台州","value":4},{"name":"丽水","value":1},{"name":"北京","value":18},{"name":"天津","value":2},{"name":"上海","value":12},{"name":"重庆","value":15},{"name":"香港","value":2},{"name":"null","value":0}]