[{"name":"合肥","value":3},{"name":"芜湖","value":1},{"name":"蚌埠","value":8},{"name":"马鞍山","value":1},{"name":"淮北","value":1},{"name":"铜陵","value":2},{"name":"安庆","value":2},{"name":"阜阳","value":7},{"name":"宿州","value":2},{"name":"六安","value":2},{"name":"厦门","value":3},{"name":"泉州","value":1},{"name":"漳州","value":1},{"name":"南平","value":1},{"name":"兰州","value":2},{"name":"平凉","value":1},{"name":"广州","value":4},{"name":"韶关","value":1},{"name":"深圳","value":7},{"name":"珠海","value":1},{"name":"佛山","value":2},{"name":"江门","value":1},{"name":"茂名","value":1},{"name":"肇庆","value":1},{"name":"惠州","value":3},{"name":"东莞","value":2},{"name":"中山","value":2},{"name":"揭阳","value":1},{"name":"南宁","value":4},{"name":"北海","value":1},{"name":"贵阳","value":2},{"name":"遵义","value":4},{"name":"铜仁","value":1},{"name":"黔东南","value":2},{"name":"海口","value":1},{"name":"三亚","value":4},{"name":"万宁","value":1},{"name":"石家庄","value":2},{"name":"唐山","value":3},{"name":"秦皇岛","value":2},{"name":"保定","value":4},{"name":"张家口","value":4},{"name":"沧州","value":4},{"name":"廊坊","value":2},{"name":"哈尔滨","value":18},{"name":"齐齐哈尔","value":2},{"name":"鸡西","value":4},{"name":"大庆","value":1},{"name":"佳木斯","value":1},{"name":"七台河","value":1},{"name":"绥化","value":2},{"name":"郑州","value":2},{"name":"开封","value":1},{"name":"洛阳","value":1},{"name":"平顶山","value":2},{"name":"安阳","value":1},{"name":"鹤壁","value":1},{"name":"新乡","value":2},{"name":"焦作","value":3},{"name":"濮阳","value":1},{"name":"许昌","value":1},{"name":"漯河","value":1},{"name":"南阳","value":2},{"name":"商丘","value":3},{"name":"信阳","value":8},{"name":"驻马店","value":3},{"name":"武汉","value":1552},{"name":"黄石","value":30},{"name":"十堰","value":24},{"name":"宜昌","value":23},{"name":"襄阳","value":44},{"name":"鄂州","value":65},{"name":"荆门","value":15},{"name":"孝感","value":101},{"name":"荆州","value":30},{"name":"黄冈","value":80},{"name":"咸宁","value":8},{"name":"随州","value":46},{"name":"恩施州","value":8},{"name":"仙桃","value":22},{"name":"潜江","value":5},{"name":"天门","value":44},{"name":"长沙","value":6},{"name":"株洲","value":7},{"name":"湘潭","value":1},{"name":"邵阳","value":2},{"name":"岳阳","value":10},{"name":"常德","value":1},{"name":"益阳","value":1},{"name":"郴州","value":1},{"name":"永州","value":1},{"name":"娄底","value":3},{"name":"南京","value":6},{"name":"无锡","value":4},{"name":"徐州","value":3},{"name":"苏州","value":3},{"name":"南通","value":2},{"name":"连云港","value":2},{"name":"泰州","value":3},{"name":"南昌","value":5},{"name":"萍乡","value":1},{"name":"新余","value":5},{"name":"鹰潭","value":2},{"name":"赣州","value":1},{"name":"吉安","value":2},{"name":"宜春","value":6},{"name":"抚州","value":3},{"name":"上饶","value":8},{"name":"长春","value":1},{"name":"银川","value":2},{"name":"吴忠","value":2},{"name":"济南","value":2},{"name":"青岛","value":1},{"name":"淄博","value":3},{"name":"枣庄","value":2},{"name":"烟台","value":2},{"name":"潍坊","value":1},{"name":"济宁","value":2},{"name":"泰安","value":6},{"name":"威海","value":2},{"name":"临沂","value":2},{"name":"聊城","value":3},{"name":"菏泽","value":1},{"name":"太原","value":1},{"name":"晋中","value":1},{"name":"运城","value":1},{"name":"西安","value":2},{"name":"咸阳","value":1},{"name":"渭南","value":1},{"name":"安康","value":1},{"name":"成都","value":1},{"name":"泸州","value":1},{"name":"内江","value":1},{"name":"南充","value":1},{"name":"广安","value":2},{"name":"达州","value":2},{"name":"甘孜","value":4},{"name":"昌吉州","value":1},{"name":"石河子市","value":1},{"name":"昆明","value":3},{"name":"曲靖","value":1},{"name":"红河","value":1},{"name":"文山州","value":1},{"name":"大理","value":2},{"name":"宁波","value":2},{"name":"温州","value":10},{"name":"衢州","value":6},{"name":"舟山","value":3},{"name":"台州","value":2},{"name":"北京","value":5},{"name":"天津","value":4},{"name":"上海","value":7},{"name":"重庆","value":18},{"name":"香港","value":6},{"name":"null","value":0}]