[{"name":"合肥","value":8},{"name":"蚌埠","value":16},{"name":"淮南","value":1},{"name":"淮北","value":1},{"name":"铜陵","value":1},{"name":"安庆","value":4},{"name":"阜阳","value":5},{"name":"六安","value":3},{"name":"亳州","value":6},{"name":"池州","value":1},{"name":"福州","value":3},{"name":"三明","value":1},{"name":"泉州","value":2},{"name":"南平","value":2},{"name":"龙岩","value":1},{"name":"宁德","value":2},{"name":"兰州","value":1},{"name":"天水","value":2},{"name":"平凉","value":2},{"name":"甘南州","value":3},{"name":"广州","value":6},{"name":"深圳","value":13},{"name":"珠海","value":1},{"name":"佛山","value":5},{"name":"江门","value":3},{"name":"湛江","value":1},{"name":"茂名","value":3},{"name":"惠州","value":6},{"name":"东莞","value":2},{"name":"中山","value":5},{"name":"南宁","value":3},{"name":"北海","value":1},{"name":"河池","value":4},{"name":"来宾","value":4},{"name":"贵阳","value":4},{"name":"六盘水","value":1},{"name":"铜仁","value":1},{"name":"黔东南","value":1},{"name":"海口","value":1},{"name":"三亚","value":3},{"name":"乐东","value":1},{"name":"保亭","value":1},{"name":"唐山","value":4},{"name":"邯郸","value":1},{"name":"保定","value":3},{"name":"廊坊","value":2},{"name":"衡水","value":1},{"name":"哈尔滨","value":14},{"name":"鸡西","value":3},{"name":"鹤岗","value":1},{"name":"双鸭山","value":2},{"name":"七台河","value":2},{"name":"郑州","value":6},{"name":"开封","value":3},{"name":"平顶山","value":2},{"name":"安阳","value":1},{"name":"鹤壁","value":4},{"name":"新乡","value":1},{"name":"焦作","value":4},{"name":"濮阳","value":2},{"name":"许昌","value":1},{"name":"漯河","value":1},{"name":"南阳","value":5},{"name":"商丘","value":7},{"name":"信阳","value":13},{"name":"驻马店","value":3},{"name":"武汉","value":1378},{"name":"黄石","value":50},{"name":"十堰","value":29},{"name":"宜昌","value":71},{"name":"襄阳","value":55},{"name":"鄂州","value":67},{"name":"荆门","value":41},{"name":"孝感","value":123},{"name":"荆州","value":56},{"name":"黄冈","value":96},{"name":"咸宁","value":17},{"name":"随州","value":31},{"name":"恩施州","value":6},{"name":"仙桃","value":20},{"name":"潜江","value":2},{"name":"天门","value":18},{"name":"长沙","value":9},{"name":"株洲","value":10},{"name":"衡阳","value":2},{"name":"邵阳","value":1},{"name":"岳阳","value":4},{"name":"益阳","value":2},{"name":"郴州","value":1},{"name":"怀化","value":1},{"name":"娄底","value":5},{"name":"南京","value":6},{"name":"无锡","value":4},{"name":"徐州","value":4},{"name":"苏州","value":3},{"name":"南通","value":1},{"name":"连云港","value":5},{"name":"淮安","value":4},{"name":"扬州","value":1},{"name":"镇江","value":1},{"name":"南昌","value":11},{"name":"景德镇","value":1},{"name":"九江","value":3},{"name":"新余","value":5},{"name":"赣州","value":5},{"name":"宜春","value":7},{"name":"抚州","value":4},{"name":"上饶","value":6},{"name":"长春","value":5},{"name":"四平","value":2},{"name":"通化","value":1},{"name":"沈阳","value":1},{"name":"大连","value":2},{"name":"锦州","value":2},{"name":"辽阳","value":1},{"name":"铁岭","value":1},{"name":"巴彦淖尔","value":2},{"name":"吴忠","value":1},{"name":"青岛","value":1},{"name":"淄博","value":1},{"name":"枣庄","value":2},{"name":"烟台","value":2},{"name":"潍坊","value":5},{"name":"济宁","value":1},{"name":"泰安","value":3},{"name":"威海","value":2},{"name":"日照","value":1},{"name":"临沂","value":2},{"name":"德州","value":2},{"name":"聊城","value":6},{"name":"太原","value":3},{"name":"大同","value":1},{"name":"长治","value":2},{"name":"朔州","value":2},{"name":"晋中","value":2},{"name":"运城","value":1},{"name":"西安","value":8},{"name":"咸阳","value":1},{"name":"延安","value":1},{"name":"榆林","value":1},{"name":"成都","value":11},{"name":"攀枝花","value":1},{"name":"泸州","value":3},{"name":"德阳","value":3},{"name":"遂宁","value":2},{"name":"南充","value":1},{"name":"眉山","value":1},{"name":"资阳","value":1},{"name":"乌鲁木齐","value":1},{"name":"巴音郭楞蒙古自治州","value":1},{"name":"伊犁州","value":1},{"name":"昭通市","value":2},{"name":"宁波","value":5},{"name":"温州","value":10},{"name":"嘉兴","value":1},{"name":"绍兴","value":2},{"name":"金华","value":1},{"name":"台州","value":5},{"name":"台湾","value":1},{"name":"北京","value":11},{"name":"天津","value":7},{"name":"上海","value":11},{"name":"重庆","value":20},{"name":"null","value":0}]