[{"name":"合肥","value":2},{"name":"芜湖","value":2},{"name":"淮南","value":2},{"name":"铜陵","value":1},{"name":"阜阳","value":1},{"name":"宿州","value":1},{"name":"福州","value":2},{"name":"兰州","value":1},{"name":"深圳","value":1},{"name":"珠海","value":1},{"name":"肇庆","value":1},{"name":"惠州","value":1},{"name":"东莞","value":2},{"name":"南宁","value":3},{"name":"北海","value":1},{"name":"海口","value":1},{"name":"沧州","value":1},{"name":"哈尔滨","value":2},{"name":"齐齐哈尔","value":1},{"name":"双鸭山","value":2},{"name":"七台河","value":1},{"name":"牡丹江","value":1},{"name":"郑州","value":3},{"name":"安阳","value":1},{"name":"南阳","value":1},{"name":"信阳","value":4},{"name":"周口","value":1},{"name":"驻马店","value":1},{"name":"武汉","value":1600},{"name":"十堰","value":14},{"name":"宜昌","value":9},{"name":"襄阳","value":8},{"name":"鄂州","value":65},{"name":"孝感","value":41},{"name":"荆州","value":36},{"name":"随州","value":11},{"name":"仙桃","value":13},{"name":"潜江","value":3},{"name":"天门","value":1},{"name":"岳阳","value":1},{"name":"常州","value":1},{"name":"苏州","value":1},{"name":"淮安","value":1},{"name":"南昌","value":1},{"name":"九江","value":1},{"name":"吉安","value":1},{"name":"通辽","value":1},{"name":"青岛","value":1},{"name":"临沂","value":1},{"name":"朔州","value":1},{"name":"西安","value":3},{"name":"安康","value":1},{"name":"攀枝花","value":3},{"name":"南充","value":3},{"name":"宜宾","value":1},{"name":"达州","value":1},{"name":"甘孜","value":5},{"name":"石河子市","value":1},{"name":"昆明","value":1},{"name":"温州","value":1},{"name":"台湾","value":2},{"name":"北京","value":6},{"name":"天津","value":1},{"name":"上海","value":2},{"name":"重庆","value":2},{"name":"香港","value":3},{"name":"null","value":0}]