[{"name":"芜湖","value":3},{"name":"蚌埠","value":2},{"name":"淮南","value":1},{"name":"安庆","value":3},{"name":"宿州","value":1},{"name":"福州","value":5},{"name":"莆田","value":9},{"name":"泉州","value":5},{"name":"漳州","value":1},{"name":"南平","value":1},{"name":"宁德","value":3},{"name":"兰州","value":4},{"name":"张掖","value":1},{"name":"陇南","value":1},{"name":"临夏","value":1},{"name":"广州","value":25},{"name":"韶关","value":1},{"name":"深圳","value":16},{"name":"珠海","value":2},{"name":"汕头","value":1},{"name":"佛山","value":5},{"name":"湛江","value":3},{"name":"肇庆","value":2},{"name":"惠州","value":1},{"name":"梅州","value":1},{"name":"汕尾","value":1},{"name":"阳江","value":3},{"name":"东莞","value":1},{"name":"中山","value":2},{"name":"揭阳","value":3},{"name":"南宁","value":4},{"name":"柳州","value":2},{"name":"桂林","value":3},{"name":"北海","value":2},{"name":"防城港","value":1},{"name":"玉林","value":1},{"name":"六盘水","value":1},{"name":"黔南","value":1},{"name":"三亚","value":2},{"name":"澄迈县","value":1},{"name":"石家庄","value":2},{"name":"邢台","value":1},{"name":"廊坊","value":2},{"name":"鸡西","value":1},{"name":"双鸭山","value":1},{"name":"大庆","value":2},{"name":"佳木斯","value":1},{"name":"七台河","value":1},{"name":"绥化","value":1},{"name":"郑州","value":9},{"name":"开封","value":1},{"name":"洛阳","value":1},{"name":"平顶山","value":3},{"name":"安阳","value":4},{"name":"鹤壁","value":2},{"name":"新乡","value":1},{"name":"许昌","value":1},{"name":"漯河","value":3},{"name":"三门峡","value":1},{"name":"南阳","value":4},{"name":"商丘","value":6},{"name":"信阳","value":1},{"name":"周口","value":6},{"name":"驻马店","value":2},{"name":"武汉","value":80},{"name":"黄石","value":5},{"name":"十堰","value":20},{"name":"宜昌","value":11},{"name":"襄阳","value":34},{"name":"鄂州","value":19},{"name":"荆门","value":52},{"name":"孝感","value":45},{"name":"荆州","value":14},{"name":"黄冈","value":32},{"name":"咸宁","value":21},{"name":"随州","value":16},{"name":"恩施州","value":8},{"name":"仙桃","value":1},{"name":"潜江","value":5},{"name":"天门","value":8},{"name":"长沙","value":4},{"name":"株洲","value":2},{"name":"湘潭","value":1},{"name":"衡阳","value":1},{"name":"邵阳","value":6},{"name":"岳阳","value":1},{"name":"常德","value":5},{"name":"益阳","value":3},{"name":"郴州","value":3},{"name":"怀化","value":3},{"name":"娄底","value":2},{"name":"无锡","value":2},{"name":"徐州","value":3},{"name":"常州","value":1},{"name":"苏州","value":1},{"name":"南通","value":2},{"name":"淮安","value":1},{"name":"扬州","value":3},{"name":"镇江","value":2},{"name":"泰州","value":1},{"name":"南昌","value":4},{"name":"景德镇","value":1},{"name":"九江","value":2},{"name":"新余","value":2},{"name":"吉安","value":1},{"name":"宜春","value":1},{"name":"抚州","value":1},{"name":"四平","value":1},{"name":"松原","value":1},{"name":"沈阳","value":1},{"name":"本溪","value":1},{"name":"盘锦","value":1},{"name":"包头","value":2},{"name":"通辽","value":1},{"name":"兴安盟","value":1},{"name":"银川","value":3},{"name":"西宁","value":3},{"name":"济南","value":4},{"name":"青岛","value":4},{"name":"淄博","value":1},{"name":"烟台","value":2},{"name":"潍坊","value":1},{"name":"济宁","value":1},{"name":"威海","value":3},{"name":"日照","value":1},{"name":"德州","value":3},{"name":"滨州","value":2},{"name":"菏泽","value":2},{"name":"朔州","value":2},{"name":"临汾","value":1},{"name":"吕梁","value":1},{"name":"西安","value":4},{"name":"铜川","value":2},{"name":"汉中","value":1},{"name":"成都","value":11},{"name":"自贡","value":1},{"name":"泸州","value":1},{"name":"绵阳","value":2},{"name":"宜宾","value":1},{"name":"广安","value":4},{"name":"达州","value":2},{"name":"资阳","value":2},{"name":"凉山","value":1},{"name":"乌鲁木齐","value":1},{"name":"保山市","value":2},{"name":"昭通市","value":1},{"name":"德宏州","value":2},{"name":"温州","value":14},{"name":"湖州","value":2},{"name":"绍兴","value":1},{"name":"金华","value":2},{"name":"衢州","value":2},{"name":"舟山","value":2},{"name":"台州","value":1},{"name":"北京","value":18},{"name":"天津","value":2},{"name":"上海","value":7},{"name":"重庆","value":35}]