[{"name":"合肥","value":13},{"name":"芜湖","value":2},{"name":"马鞍山","value":1},{"name":"安庆","value":6},{"name":"黄山","value":3},{"name":"阜阳","value":2},{"name":"宿州","value":6},{"name":"六安","value":2},{"name":"亳州","value":7},{"name":"厦门","value":1},{"name":"三明","value":1},{"name":"漳州","value":1},{"name":"宁德","value":1},{"name":"兰州","value":3},{"name":"张掖","value":1},{"name":"平凉","value":1},{"name":"广州","value":12},{"name":"深圳","value":14},{"name":"珠海","value":2},{"name":"汕头","value":1},{"name":"湛江","value":2},{"name":"茂名","value":2},{"name":"肇庆","value":1},{"name":"惠州","value":1},{"name":"梅州","value":1},{"name":"河源","value":1},{"name":"阳江","value":2},{"name":"清远","value":1},{"name":"东莞","value":5},{"name":"中山","value":6},{"name":"揭阳","value":2},{"name":"南宁","value":2},{"name":"桂林","value":1},{"name":"北海","value":2},{"name":"防城港","value":2},{"name":"海口","value":3},{"name":"三亚","value":3},{"name":"琼海","value":1},{"name":"万宁","value":1},{"name":"东方","value":1},{"name":"琼中县","value":1},{"name":"石家庄","value":1},{"name":"唐山","value":2},{"name":"邢台","value":1},{"name":"保定","value":3},{"name":"张家口","value":1},{"name":"沧州","value":3},{"name":"廊坊","value":3},{"name":"衡水","value":1},{"name":"哈尔滨","value":1},{"name":"齐齐哈尔","value":1},{"name":"佳木斯","value":4},{"name":"郑州","value":3},{"name":"开封","value":1},{"name":"安阳","value":3},{"name":"鹤壁","value":3},{"name":"新乡","value":1},{"name":"濮阳","value":1},{"name":"三门峡","value":1},{"name":"南阳","value":5},{"name":"商丘","value":7},{"name":"信阳","value":3},{"name":"周口","value":4},{"name":"驻马店","value":6},{"name":"武汉","value":315},{"name":"黄石","value":33},{"name":"十堰","value":23},{"name":"宜昌","value":12},{"name":"襄阳","value":61},{"name":"鄂州","value":27},{"name":"荆门","value":28},{"name":"孝感","value":101},{"name":"荆州","value":30},{"name":"黄冈","value":111},{"name":"咸宁","value":21},{"name":"随州","value":46},{"name":"恩施州","value":13},{"name":"仙桃","value":5},{"name":"潜江","value":1},{"name":"天门","value":11},{"name":"神农架","value":2},{"name":"长沙","value":22},{"name":"株洲","value":6},{"name":"湘潭","value":2},{"name":"衡阳","value":10},{"name":"邵阳","value":8},{"name":"岳阳","value":9},{"name":"常德","value":7},{"name":"益阳","value":4},{"name":"永州","value":4},{"name":"怀化","value":2},{"name":"娄底","value":4},{"name":"南京","value":4},{"name":"无锡","value":3},{"name":"苏州","value":8},{"name":"淮安","value":1},{"name":"盐城","value":5},{"name":"扬州","value":3},{"name":"泰州","value":4},{"name":"宿迁","value":1},{"name":"南昌","value":8},{"name":"九江","value":7},{"name":"新余","value":8},{"name":"赣州","value":6},{"name":"吉安","value":1},{"name":"宜春","value":4},{"name":"抚州","value":1},{"name":"上饶","value":2},{"name":"通化","value":1},{"name":"锦州","value":4},{"name":"朝阳市","value":1},{"name":"葫芦岛","value":1},{"name":"呼和浩特","value":2},{"name":"巴彦淖尔","value":1},{"name":"吴忠","value":1},{"name":"济南","value":1},{"name":"青岛","value":2},{"name":"淄博","value":2},{"name":"枣庄","value":6},{"name":"烟台","value":2},{"name":"潍坊","value":2},{"name":"泰安","value":2},{"name":"威海","value":1},{"name":"日照","value":1},{"name":"临沂","value":7},{"name":"德州","value":3},{"name":"滨州","value":2},{"name":"菏泽","value":3},{"name":"大同","value":2},{"name":"晋中","value":4},{"name":"运城","value":1},{"name":"西安","value":3},{"name":"宝鸡","value":3},{"name":"渭南","value":2},{"name":"汉中","value":1},{"name":"安康","value":1},{"name":"商洛","value":1},{"name":"成都","value":9},{"name":"泸州","value":1},{"name":"德阳","value":1},{"name":"广元","value":1},{"name":"内江","value":1},{"name":"南充","value":1},{"name":"宜宾","value":1},{"name":"达州","value":1},{"name":"巴中","value":2},{"name":"乌鲁木齐","value":1},{"name":"伊犁州","value":2},{"name":"昆明","value":8},{"name":"曲靖","value":3},{"name":"玉溪","value":4},{"name":"保山市","value":1},{"name":"昭通市","value":1},{"name":"丽江市","value":1},{"name":"普洱","value":1},{"name":"西双版纳州","value":5},{"name":"大理","value":1},{"name":"杭州","value":19},{"name":"宁波","value":3},{"name":"温州","value":54},{"name":"嘉兴","value":3},{"name":"湖州","value":2},{"name":"绍兴","value":12},{"name":"金华","value":6},{"name":"衢州","value":3},{"name":"舟山","value":2},{"name":"台州","value":18},{"name":"丽水","value":1},{"name":"北京","value":23},{"name":"天津","value":10},{"name":"上海","value":27},{"name":"重庆","value":15},{"name":"香港","value":8},{"name":"澳门","value":7}]