[{"name":"合肥","value":4},{"name":"蚌埠","value":5},{"name":"淮北","value":1},{"name":"铜陵","value":1},{"name":"滁州","value":1},{"name":"阜阳","value":4},{"name":"宿州","value":2},{"name":"六安","value":1},{"name":"亳州","value":3},{"name":"厦门","value":2},{"name":"莆田","value":2},{"name":"泉州","value":1},{"name":"南平","value":1},{"name":"宁德","value":1},{"name":"甘南州","value":1},{"name":"广州","value":4},{"name":"韶关","value":1},{"name":"深圳","value":5},{"name":"珠海","value":2},{"name":"佛山","value":3},{"name":"江门","value":1},{"name":"惠州","value":1},{"name":"东莞","value":3},{"name":"中山","value":2},{"name":"贵阳","value":4},{"name":"三亚","value":8},{"name":"儋州","value":4},{"name":"唐山","value":2},{"name":"邯郸","value":2},{"name":"张家口","value":4},{"name":"沧州","value":5},{"name":"廊坊","value":1},{"name":"哈尔滨","value":9},{"name":"鸡西","value":1},{"name":"七台河","value":1},{"name":"黑河","value":4},{"name":"绥化","value":2},{"name":"郑州","value":4},{"name":"洛阳","value":1},{"name":"平顶山","value":1},{"name":"安阳","value":1},{"name":"新乡","value":1},{"name":"焦作","value":1},{"name":"南阳","value":7},{"name":"商丘","value":1},{"name":"信阳","value":9},{"name":"周口","value":2},{"name":"驻马店","value":6},{"name":"武汉","value":12523},{"name":"黄石","value":37},{"name":"十堰","value":26},{"name":"宜昌","value":26},{"name":"襄阳","value":13},{"name":"鄂州","value":195},{"name":"荆门","value":184},{"name":"孝感","value":123},{"name":"荆州","value":283},{"name":"黄冈","value":230},{"name":"咸宁","value":7},{"name":"随州","value":31},{"name":"恩施州","value":26},{"name":"仙桃","value":20},{"name":"潜江","value":4},{"name":"天门","value":69},{"name":"长沙","value":5},{"name":"株洲","value":4},{"name":"邵阳","value":5},{"name":"岳阳","value":2},{"name":"常德","value":2},{"name":"益阳","value":1},{"name":"娄底","value":3},{"name":"南京","value":3},{"name":"无锡","value":1},{"name":"徐州","value":5},{"name":"常州","value":2},{"name":"苏州","value":1},{"name":"南通","value":1},{"name":"连云港","value":3},{"name":"淮安","value":4},{"name":"盐城","value":4},{"name":"扬州","value":2},{"name":"泰州","value":1},{"name":"南昌","value":5},{"name":"九江","value":4},{"name":"新余","value":4},{"name":"赣州","value":4},{"name":"宜春","value":7},{"name":"抚州","value":1},{"name":"上饶","value":3},{"name":"四平","value":1},{"name":"锡林郭勒盟","value":1},{"name":"银川","value":1},{"name":"吴忠","value":3},{"name":"固原","value":2},{"name":"淄博","value":3},{"name":"烟台","value":3},{"name":"济宁","value":1},{"name":"德州","value":2},{"name":"大同","value":1},{"name":"晋中","value":1},{"name":"西安","value":6},{"name":"成都","value":6},{"name":"德阳","value":1},{"name":"内江","value":1},{"name":"南充","value":1},{"name":"宜宾","value":1},{"name":"达州","value":3},{"name":"雅安","value":1},{"name":"甘孜","value":1},{"name":"乌鲁木齐","value":1},{"name":"伊犁州","value":2},{"name":"昆明","value":1},{"name":"温州","value":9},{"name":"金华","value":1},{"name":"台州","value":1},{"name":"北京","value":14},{"name":"天津","value":6},{"name":"上海","value":7},{"name":"重庆","value":13},{"name":"香港","value":1},{"name":"null","value":0}]