[{"name":"合肥","value":3},{"name":"芜湖","value":2},{"name":"淮南","value":1},{"name":"马鞍山","value":3},{"name":"淮北","value":1},{"name":"安庆","value":1},{"name":"黄山","value":1},{"name":"阜阳","value":3},{"name":"宿州","value":2},{"name":"六安","value":1},{"name":"亳州","value":2},{"name":"宣城","value":1},{"name":"福州","value":7},{"name":"厦门","value":1},{"name":"莆田","value":1},{"name":"三明","value":3},{"name":"泉州","value":2},{"name":"漳州","value":1},{"name":"南平","value":1},{"name":"宁德","value":1},{"name":"兰州","value":2},{"name":"定西","value":1},{"name":"清远","value":1},{"name":"南宁","value":1},{"name":"柳州","value":1},{"name":"桂林","value":5},{"name":"梧州","value":1},{"name":"北海","value":1},{"name":"百色","value":1},{"name":"黔西南","value":1},{"name":"三亚","value":1},{"name":"陵水县","value":1},{"name":"石家庄","value":1},{"name":"邯郸","value":2},{"name":"保定","value":2},{"name":"哈尔滨","value":2},{"name":"大庆","value":2},{"name":"牡丹江","value":1},{"name":"绥化","value":1},{"name":"郑州","value":14},{"name":"平顶山","value":1},{"name":"安阳","value":3},{"name":"新乡","value":2},{"name":"漯河","value":3},{"name":"三门峡","value":1},{"name":"南阳","value":7},{"name":"信阳","value":17},{"name":"周口","value":1},{"name":"驻马店","value":5},{"name":"武汉","value":46},{"name":"黄石","value":31},{"name":"十堰","value":15},{"name":"宜昌","value":19},{"name":"襄阳","value":2},{"name":"荆门","value":17},{"name":"孝感","value":29},{"name":"荆州","value":23},{"name":"黄冈","value":58},{"name":"咸宁","value":43},{"name":"随州","value":31},{"name":"恩施州","value":6},{"name":"仙桃","value":1},{"name":"天门","value":2},{"name":"长沙","value":10},{"name":"株洲","value":2},{"name":"湘潭","value":1},{"name":"岳阳","value":1},{"name":"常德","value":4},{"name":"郴州","value":2},{"name":"怀化","value":3},{"name":"湘西自治州","value":3},{"name":"南京","value":3},{"name":"无锡","value":1},{"name":"苏州","value":4},{"name":"南通","value":1},{"name":"连云港","value":2},{"name":"淮安","value":1},{"name":"泰州","value":1},{"name":"南昌","value":1},{"name":"萍乡","value":1},{"name":"赣州","value":5},{"name":"吉安","value":1},{"name":"宜春","value":4},{"name":"抚州","value":2},{"name":"上饶","value":4},{"name":"沈阳","value":2},{"name":"大连","value":2},{"name":"丹东","value":1},{"name":"营口","value":1},{"name":"盘锦","value":1},{"name":"赤峰","value":1},{"name":"鄂尔多斯","value":2},{"name":"呼伦贝尔","value":1},{"name":"锡林郭勒盟","value":1},{"name":"银川","value":1},{"name":"西宁","value":1},{"name":"济南","value":1},{"name":"青岛","value":2},{"name":"淄博","value":1},{"name":"潍坊","value":1},{"name":"济宁","value":2},{"name":"威海","value":1},{"name":"日照","value":2},{"name":"临沂","value":4},{"name":"德州","value":2},{"name":"滨州","value":1},{"name":"菏泽","value":1},{"name":"阳泉","value":1},{"name":"晋中","value":2},{"name":"西安","value":2},{"name":"铜川","value":3},{"name":"咸阳","value":2},{"name":"安康","value":2},{"name":"商洛","value":1},{"name":"成都","value":6},{"name":"泸州","value":1},{"name":"绵阳","value":3},{"name":"乐山","value":1},{"name":"南充","value":2},{"name":"眉山","value":1},{"name":"甘孜","value":2},{"name":"伊犁州","value":1},{"name":"昆明","value":1},{"name":"曲靖","value":1},{"name":"玉溪","value":1},{"name":"丽江市","value":1},{"name":"红河","value":1},{"name":"大理","value":1},{"name":"杭州","value":15},{"name":"宁波","value":7},{"name":"温州","value":8},{"name":"嘉兴","value":4},{"name":"湖州","value":1},{"name":"绍兴","value":1},{"name":"金华","value":1},{"name":"衢州","value":1},{"name":"台州","value":1},{"name":"丽水","value":3},{"name":"北京","value":10},{"name":"天津","value":3},{"name":"上海","value":13},{"name":"重庆","value":18}]