[{"name":"合肥","value":12},{"name":"芜湖","value":2},{"name":"蚌埠","value":5},{"name":"淮南","value":4},{"name":"马鞍山","value":2},{"name":"淮北","value":3},{"name":"安庆","value":1},{"name":"阜阳","value":5},{"name":"宿州","value":1},{"name":"六安","value":4},{"name":"亳州","value":10},{"name":"池州","value":1},{"name":"福州","value":2},{"name":"厦门","value":1},{"name":"莆田","value":1},{"name":"泉州","value":2},{"name":"漳州","value":2},{"name":"南平","value":1},{"name":"宁德","value":2},{"name":"兰州","value":2},{"name":"广州","value":21},{"name":"深圳","value":20},{"name":"珠海","value":5},{"name":"汕头","value":2},{"name":"江门","value":1},{"name":"湛江","value":3},{"name":"茂名","value":1},{"name":"肇庆","value":1},{"name":"惠州","value":2},{"name":"梅州","value":1},{"name":"清远","value":2},{"name":"东莞","value":7},{"name":"中山","value":4},{"name":"南宁","value":1},{"name":"柳州","value":2},{"name":"桂林","value":2},{"name":"北海","value":2},{"name":"防城港","value":2},{"name":"钦州","value":1},{"name":"河池","value":1},{"name":"贵阳","value":2},{"name":"安顺","value":1},{"name":"黔西南","value":1},{"name":"毕节","value":3},{"name":"黔东南","value":1},{"name":"海口","value":2},{"name":"三亚","value":4},{"name":"东方","value":1},{"name":"澄迈县","value":1},{"name":"临高县","value":1},{"name":"保亭","value":2},{"name":"唐山","value":1},{"name":"秦皇岛","value":1},{"name":"保定","value":4},{"name":"张家口","value":1},{"name":"承德","value":1},{"name":"廊坊","value":1},{"name":"哈尔滨","value":10},{"name":"齐齐哈尔","value":14},{"name":"鸡西","value":4},{"name":"双鸭山","value":4},{"name":"七台河","value":1},{"name":"牡丹江","value":1},{"name":"绥化","value":2},{"name":"郑州","value":7},{"name":"开封","value":5},{"name":"洛阳","value":5},{"name":"平顶山","value":6},{"name":"安阳","value":2},{"name":"新乡","value":6},{"name":"焦作","value":3},{"name":"许昌","value":5},{"name":"漯河","value":1},{"name":"南阳","value":8},{"name":"商丘","value":1},{"name":"信阳","value":26},{"name":"周口","value":4},{"name":"驻马店","value":10},{"name":"武汉","value":1967},{"name":"黄石","value":104},{"name":"十堰","value":27},{"name":"宜昌","value":44},{"name":"襄阳","value":103},{"name":"鄂州","value":50},{"name":"荆门","value":22},{"name":"孝感","value":342},{"name":"荆州","value":100},{"name":"黄冈","value":223},{"name":"咸宁","value":36},{"name":"随州","value":65},{"name":"恩施州","value":15},{"name":"仙桃","value":37},{"name":"潜江","value":10},{"name":"天门","value":11},{"name":"长沙","value":16},{"name":"株洲","value":4},{"name":"湘潭","value":2},{"name":"衡阳","value":4},{"name":"邵阳","value":13},{"name":"岳阳","value":6},{"name":"常德","value":6},{"name":"益阳","value":5},{"name":"郴州","value":2},{"name":"永州","value":4},{"name":"娄底","value":5},{"name":"湘西自治州","value":1},{"name":"南京","value":3},{"name":"无锡","value":1},{"name":"徐州","value":6},{"name":"常州","value":5},{"name":"苏州","value":3},{"name":"南通","value":3},{"name":"连云港","value":3},{"name":"淮安","value":4},{"name":"镇江","value":1},{"name":"泰州","value":3},{"name":"宿迁","value":1},{"name":"南昌","value":13},{"name":"萍乡","value":2},{"name":"九江","value":8},{"name":"新余","value":10},{"name":"鹰潭","value":1},{"name":"赣州","value":6},{"name":"宜春","value":3},{"name":"抚州","value":10},{"name":"上饶","value":19},{"name":"长春","value":10},{"name":"四平","value":1},{"name":"沈阳","value":3},{"name":"阜新","value":2},{"name":"葫芦岛","value":1},{"name":"呼和浩特","value":1},{"name":"乌海","value":1},{"name":"赤峰","value":1},{"name":"鄂尔多斯","value":2},{"name":"巴彦淖尔","value":1},{"name":"西宁","value":2},{"name":"济南","value":4},{"name":"青岛","value":5},{"name":"淄博","value":2},{"name":"枣庄","value":1},{"name":"潍坊","value":3},{"name":"济宁","value":2},{"name":"泰安","value":2},{"name":"威海","value":2},{"name":"临沂","value":3},{"name":"聊城","value":2},{"name":"菏泽","value":2},{"name":"太原","value":3},{"name":"朔州","value":1},{"name":"晋中","value":2},{"name":"运城","value":1},{"name":"西安","value":5},{"name":"宝鸡","value":2},{"name":"咸阳","value":2},{"name":"汉中","value":1},{"name":"商洛","value":3},{"name":"成都","value":5},{"name":"攀枝花","value":1},{"name":"泸州","value":1},{"name":"南充","value":1},{"name":"达州","value":4},{"name":"雅安","value":1},{"name":"巴中","value":3},{"name":"甘孜","value":2},{"name":"凉山","value":1},{"name":"昌吉州","value":1},{"name":"伊犁州","value":2},{"name":"曲靖","value":1},{"name":"昭通市","value":1},{"name":"楚雄州","value":1},{"name":"西双版纳州","value":1},{"name":"杭州","value":9},{"name":"宁波","value":18},{"name":"温州","value":24},{"name":"嘉兴","value":4},{"name":"金华","value":4},{"name":"台州","value":7},{"name":"台湾","value":1},{"name":"北京","value":25},{"name":"天津","value":1},{"name":"上海","value":25},{"name":"重庆","value":29},{"name":"香港","value":3},{"name":"澳门","value":2}]