[{"name":"合肥","value":11},{"name":"芜湖","value":3},{"name":"蚌埠","value":16},{"name":"淮北","value":3},{"name":"铜陵","value":1},{"name":"安庆","value":4},{"name":"阜阳","value":11},{"name":"宿州","value":1},{"name":"六安","value":2},{"name":"亳州","value":8},{"name":"宣城","value":1},{"name":"福州","value":1},{"name":"莆田","value":4},{"name":"泉州","value":2},{"name":"漳州","value":1},{"name":"宁德","value":2},{"name":"白银","value":1},{"name":"庆阳","value":1},{"name":"定西","value":2},{"name":"甘南州","value":1},{"name":"广州","value":18},{"name":"深圳","value":25},{"name":"珠海","value":4},{"name":"佛山","value":1},{"name":"江门","value":2},{"name":"湛江","value":1},{"name":"肇庆","value":2},{"name":"惠州","value":4},{"name":"梅州","value":2},{"name":"阳江","value":1},{"name":"东莞","value":3},{"name":"中山","value":9},{"name":"潮州","value":1},{"name":"揭阳","value":1},{"name":"南宁","value":2},{"name":"柳州","value":3},{"name":"桂林","value":1},{"name":"北海","value":2},{"name":"防城港","value":2},{"name":"钦州","value":3},{"name":"贵港","value":2},{"name":"河池","value":2},{"name":"来宾","value":1},{"name":"贵阳","value":3},{"name":"毕节","value":2},{"name":"三亚","value":8},{"name":"儋州","value":2},{"name":"东方","value":1},{"name":"石家庄","value":3},{"name":"唐山","value":5},{"name":"邯郸","value":4},{"name":"邢台","value":3},{"name":"张家口","value":2},{"name":"承德","value":1},{"name":"沧州","value":1},{"name":"廊坊","value":1},{"name":"衡水","value":2},{"name":"哈尔滨","value":9},{"name":"齐齐哈尔","value":6},{"name":"鸡西","value":5},{"name":"双鸭山","value":4},{"name":"大庆","value":2},{"name":"佳木斯","value":1},{"name":"牡丹江","value":1},{"name":"绥化","value":5},{"name":"郑州","value":10},{"name":"开封","value":1},{"name":"洛阳","value":4},{"name":"平顶山","value":7},{"name":"安阳","value":2},{"name":"新乡","value":2},{"name":"焦作","value":2},{"name":"濮阳","value":1},{"name":"许昌","value":2},{"name":"漯河","value":2},{"name":"南阳","value":4},{"name":"商丘","value":4},{"name":"信阳","value":26},{"name":"周口","value":3},{"name":"驻马店","value":16},{"name":"济源","value":1},{"name":"武汉","value":1766},{"name":"黄石","value":57},{"name":"十堰","value":35},{"name":"宜昌","value":67},{"name":"襄阳","value":52},{"name":"鄂州","value":41},{"name":"荆门","value":86},{"name":"孝感","value":424},{"name":"荆州","value":88},{"name":"黄冈","value":162},{"name":"咸宁","value":15},{"name":"随州","value":128},{"name":"恩施州","value":6},{"name":"仙桃","value":40},{"name":"潜江","value":10},{"name":"天门","value":10},{"name":"长沙","value":15},{"name":"株洲","value":3},{"name":"湘潭","value":1},{"name":"衡阳","value":4},{"name":"邵阳","value":6},{"name":"岳阳","value":4},{"name":"常德","value":6},{"name":"益阳","value":1},{"name":"郴州","value":1},{"name":"永州","value":2},{"name":"怀化","value":1},{"name":"娄底","value":6},{"name":"南京","value":5},{"name":"无锡","value":2},{"name":"常州","value":3},{"name":"苏州","value":5},{"name":"南通","value":2},{"name":"连云港","value":2},{"name":"淮安","value":8},{"name":"盐城","value":1},{"name":"镇江","value":2},{"name":"泰州","value":2},{"name":"南昌","value":15},{"name":"萍乡","value":1},{"name":"九江","value":6},{"name":"新余","value":9},{"name":"赣州","value":4},{"name":"宜春","value":6},{"name":"抚州","value":2},{"name":"上饶","value":9},{"name":"长春","value":1},{"name":"四平","value":1},{"name":"辽源","value":2},{"name":"沈阳","value":5},{"name":"大连","value":2},{"name":"丹东","value":1},{"name":"葫芦岛","value":1},{"name":"包头","value":2},{"name":"呼伦贝尔","value":2},{"name":"银川","value":5},{"name":"吴忠","value":1},{"name":"西宁","value":1},{"name":"济南","value":4},{"name":"青岛","value":7},{"name":"烟台","value":3},{"name":"潍坊","value":5},{"name":"济宁","value":9},{"name":"泰安","value":4},{"name":"威海","value":1},{"name":"临沂","value":2},{"name":"德州","value":7},{"name":"聊城","value":3},{"name":"阳泉","value":1},{"name":"长治","value":2},{"name":"晋中","value":5},{"name":"吕梁","value":1},{"name":"西安","value":10},{"name":"咸阳","value":4},{"name":"渭南","value":3},{"name":"汉中","value":3},{"name":"安康","value":2},{"name":"商洛","value":1},{"name":"成都","value":5},{"name":"泸州","value":2},{"name":"绵阳","value":1},{"name":"内江","value":1},{"name":"南充","value":1},{"name":"宜宾","value":1},{"name":"达州","value":3},{"name":"巴中","value":4},{"name":"甘孜","value":2},{"name":"乌鲁木齐","value":3},{"name":"巴音郭楞蒙古自治州","value":1},{"name":"昆明","value":3},{"name":"玉溪","value":1},{"name":"西双版纳州","value":1},{"name":"大理","value":1},{"name":"杭州","value":10},{"name":"宁波","value":6},{"name":"温州","value":32},{"name":"嘉兴","value":3},{"name":"绍兴","value":3},{"name":"金华","value":3},{"name":"台州","value":2},{"name":"北京","value":21},{"name":"天津","value":2},{"name":"上海","value":21},{"name":"重庆","value":23},{"name":"香港","value":3},{"name":"null","value":0}]