[{"name":"合肥","value":16},{"name":"蚌埠","value":11},{"name":"淮南","value":1},{"name":"马鞍山","value":1},{"name":"淮北","value":2},{"name":"铜陵","value":2},{"name":"安庆","value":4},{"name":"滁州","value":2},{"name":"阜阳","value":6},{"name":"宿州","value":7},{"name":"六安","value":7},{"name":"亳州","value":9},{"name":"福州","value":3},{"name":"厦门","value":1},{"name":"莆田","value":7},{"name":"泉州","value":2},{"name":"漳州","value":1},{"name":"南平","value":3},{"name":"宁德","value":3},{"name":"兰州","value":3},{"name":"天水","value":5},{"name":"陇南","value":1},{"name":"临夏","value":1},{"name":"广州","value":14},{"name":"深圳","value":30},{"name":"珠海","value":12},{"name":"汕头","value":3},{"name":"佛山","value":2},{"name":"江门","value":1},{"name":"茂名","value":1},{"name":"惠州","value":5},{"name":"梅州","value":1},{"name":"汕尾","value":1},{"name":"东莞","value":4},{"name":"中山","value":4},{"name":"潮州","value":1},{"name":"南宁","value":6},{"name":"柳州","value":2},{"name":"桂林","value":1},{"name":"北海","value":3},{"name":"防城港","value":1},{"name":"贵港","value":1},{"name":"玉林","value":1},{"name":"贺州","value":1},{"name":"贵阳","value":1},{"name":"六盘水","value":1},{"name":"遵义","value":3},{"name":"铜仁","value":3},{"name":"海口","value":2},{"name":"琼海","value":1},{"name":"儋州","value":1},{"name":"文昌","value":1},{"name":"昌江","value":2},{"name":"石家庄","value":3},{"name":"秦皇岛","value":1},{"name":"邢台","value":4},{"name":"廊坊","value":1},{"name":"哈尔滨","value":11},{"name":"鸡西","value":3},{"name":"双鸭山","value":3},{"name":"大庆","value":3},{"name":"七台河","value":1},{"name":"牡丹江","value":1},{"name":"绥化","value":2},{"name":"郑州","value":7},{"name":"平顶山","value":5},{"name":"安阳","value":4},{"name":"新乡","value":4},{"name":"焦作","value":1},{"name":"许昌","value":2},{"name":"漯河","value":4},{"name":"南阳","value":9},{"name":"商丘","value":5},{"name":"信阳","value":11},{"name":"周口","value":7},{"name":"驻马店","value":12},{"name":"武汉","value":1033},{"name":"黄石","value":82},{"name":"十堰","value":44},{"name":"宜昌","value":39},{"name":"襄阳","value":107},{"name":"鄂州","value":28},{"name":"荆门","value":16},{"name":"孝感","value":169},{"name":"荆州","value":166},{"name":"黄冈","value":244},{"name":"咸宁","value":50},{"name":"随州","value":74},{"name":"恩施州","value":6},{"name":"仙桃","value":29},{"name":"天门","value":16},{"name":"长沙","value":13},{"name":"株洲","value":1},{"name":"湘潭","value":3},{"name":"衡阳","value":2},{"name":"邵阳","value":2},{"name":"岳阳","value":17},{"name":"常德","value":3},{"name":"益阳","value":3},{"name":"郴州","value":3},{"name":"永州","value":4},{"name":"怀化","value":1},{"name":"娄底","value":6},{"name":"南京","value":5},{"name":"无锡","value":4},{"name":"徐州","value":6},{"name":"苏州","value":6},{"name":"南通","value":2},{"name":"连云港","value":1},{"name":"淮安","value":5},{"name":"扬州","value":1},{"name":"泰州","value":4},{"name":"宿迁","value":1},{"name":"南昌","value":14},{"name":"萍乡","value":3},{"name":"九江","value":9},{"name":"新余","value":7},{"name":"赣州","value":1},{"name":"吉安","value":1},{"name":"宜春","value":5},{"name":"抚州","value":5},{"name":"上饶","value":13},{"name":"长春","value":4},{"name":"吉林","value":1},{"name":"四平","value":3},{"name":"沈阳","value":1},{"name":"大连","value":2},{"name":"阜新","value":3},{"name":"辽阳","value":1},{"name":"盘锦","value":1},{"name":"铁岭","value":1},{"name":"呼和浩特","value":2},{"name":"包头","value":1},{"name":"鄂尔多斯","value":3},{"name":"乌兰察布","value":1},{"name":"西宁","value":3},{"name":"济南","value":3},{"name":"青岛","value":3},{"name":"枣庄","value":1},{"name":"烟台","value":2},{"name":"潍坊","value":3},{"name":"济宁","value":4},{"name":"泰安","value":2},{"name":"威海","value":1},{"name":"日照","value":1},{"name":"菏泽","value":1},{"name":"大同","value":1},{"name":"阳泉","value":1},{"name":"晋城","value":3},{"name":"晋中","value":2},{"name":"运城","value":3},{"name":"西安","value":8},{"name":"铜川","value":1},{"name":"宝鸡","value":1},{"name":"咸阳","value":1},{"name":"汉中","value":2},{"name":"安康","value":2},{"name":"成都","value":4},{"name":"攀枝花","value":1},{"name":"泸州","value":1},{"name":"绵阳","value":3},{"name":"内江","value":1},{"name":"南充","value":3},{"name":"眉山","value":1},{"name":"广安","value":1},{"name":"达州","value":2},{"name":"巴中","value":4},{"name":"甘孜","value":1},{"name":"凉山","value":1},{"name":"乌鲁木齐","value":2},{"name":"伊犁州","value":1},{"name":"昆明","value":1},{"name":"曲靖","value":2},{"name":"玉溪","value":1},{"name":"昭通市","value":2},{"name":"丽江市","value":1},{"name":"楚雄州","value":2},{"name":"西双版纳州","value":1},{"name":"德宏州","value":1},{"name":"杭州","value":8},{"name":"宁波","value":9},{"name":"温州","value":26},{"name":"湖州","value":3},{"name":"绍兴","value":3},{"name":"金华","value":2},{"name":"衢州","value":1},{"name":"台州","value":9},{"name":"丽水","value":2},{"name":"北京","value":29},{"name":"天津","value":13},{"name":"上海","value":11},{"name":"重庆","value":38},{"name":"香港","value":1},{"name":"null","value":0}]