[{"name":"芜湖","value":1},{"name":"蚌埠","value":10},{"name":"马鞍山","value":5},{"name":"安庆","value":6},{"name":"阜阳","value":12},{"name":"宿州","value":2},{"name":"亳州","value":5},{"name":"池州","value":2},{"name":"福州","value":5},{"name":"厦门","value":1},{"name":"莆田","value":2},{"name":"三明","value":1},{"name":"泉州","value":5},{"name":"漳州","value":1},{"name":"兰州","value":3},{"name":"定西","value":1},{"name":"甘南州","value":1},{"name":"广州","value":38},{"name":"韶关","value":1},{"name":"深圳","value":26},{"name":"珠海","value":1},{"name":"佛山","value":3},{"name":"湛江","value":1},{"name":"肇庆","value":1},{"name":"惠州","value":3},{"name":"梅州","value":1},{"name":"东莞","value":6},{"name":"中山","value":3},{"name":"桂林","value":2},{"name":"钦州","value":1},{"name":"贵港","value":4},{"name":"玉林","value":2},{"name":"贺州","value":2},{"name":"贵阳","value":2},{"name":"遵义","value":1},{"name":"安顺","value":2},{"name":"毕节","value":1},{"name":"黔东南","value":2},{"name":"黔南","value":1},{"name":"三亚","value":2},{"name":"琼海","value":1},{"name":"临高县","value":1},{"name":"陵水县","value":1},{"name":"石家庄","value":1},{"name":"唐山","value":3},{"name":"邯郸","value":1},{"name":"保定","value":2},{"name":"张家口","value":1},{"name":"哈尔滨","value":9},{"name":"鸡西","value":2},{"name":"双鸭山","value":2},{"name":"七台河","value":1},{"name":"牡丹江","value":1},{"name":"黑河","value":1},{"name":"绥化","value":1},{"name":"郑州","value":9},{"name":"开封","value":3},{"name":"洛阳","value":2},{"name":"平顶山","value":3},{"name":"鹤壁","value":2},{"name":"焦作","value":5},{"name":"许昌","value":1},{"name":"漯河","value":2},{"name":"南阳","value":9},{"name":"商丘","value":7},{"name":"信阳","value":18},{"name":"周口","value":2},{"name":"驻马店","value":6},{"name":"武汉","value":894},{"name":"黄石","value":43},{"name":"十堰","value":35},{"name":"宜昌","value":77},{"name":"襄阳","value":94},{"name":"鄂州","value":51},{"name":"荆门","value":78},{"name":"孝感","value":121},{"name":"荆州","value":46},{"name":"黄冈","value":276},{"name":"咸宁","value":40},{"name":"随州","value":80},{"name":"恩施州","value":18},{"name":"仙桃","value":43},{"name":"潜江","value":8},{"name":"天门","value":17},{"name":"长沙","value":26},{"name":"株洲","value":3},{"name":"湘潭","value":3},{"name":"衡阳","value":4},{"name":"邵阳","value":8},{"name":"岳阳","value":8},{"name":"常德","value":3},{"name":"张家界","value":1},{"name":"益阳","value":3},{"name":"郴州","value":5},{"name":"永州","value":4},{"name":"怀化","value":3},{"name":"娄底","value":3},{"name":"南京","value":7},{"name":"无锡","value":6},{"name":"徐州","value":7},{"name":"常州","value":1},{"name":"苏州","value":4},{"name":"南通","value":5},{"name":"淮安","value":1},{"name":"盐城","value":2},{"name":"镇江","value":1},{"name":"南昌","value":6},{"name":"萍乡","value":6},{"name":"九江","value":12},{"name":"新余","value":3},{"name":"鹰潭","value":4},{"name":"赣州","value":4},{"name":"吉安","value":1},{"name":"宜春","value":2},{"name":"抚州","value":6},{"name":"上饶","value":3},{"name":"长春","value":6},{"name":"大连","value":2},{"name":"丹东","value":1},{"name":"阜新","value":1},{"name":"包头","value":2},{"name":"乌海","value":1},{"name":"鄂尔多斯","value":1},{"name":"银川","value":1},{"name":"吴忠","value":1},{"name":"济南","value":1},{"name":"青岛","value":1},{"name":"淄博","value":2},{"name":"枣庄","value":3},{"name":"潍坊","value":1},{"name":"济宁","value":4},{"name":"泰安","value":4},{"name":"日照","value":1},{"name":"临沂","value":1},{"name":"德州","value":2},{"name":"聊城","value":2},{"name":"滨州","value":1},{"name":"太原","value":2},{"name":"大同","value":2},{"name":"晋城","value":1},{"name":"晋中","value":2},{"name":"忻州","value":1},{"name":"西安","value":7},{"name":"宝鸡","value":2},{"name":"咸阳","value":2},{"name":"汉中","value":2},{"name":"安康","value":1},{"name":"成都","value":1},{"name":"攀枝花","value":2},{"name":"泸州","value":1},{"name":"德阳","value":3},{"name":"绵阳","value":2},{"name":"广元","value":3},{"name":"内江","value":1},{"name":"南充","value":7},{"name":"广安","value":4},{"name":"昆明","value":1},{"name":"曲靖","value":1},{"name":"玉溪","value":4},{"name":"保山市","value":1},{"name":"红河","value":1},{"name":"大理","value":1},{"name":"杭州","value":12},{"name":"宁波","value":11},{"name":"温州","value":24},{"name":"嘉兴","value":1},{"name":"绍兴","value":3},{"name":"台州","value":5},{"name":"丽水","value":6},{"name":"北京","value":15},{"name":"天津","value":9},{"name":"上海","value":29},{"name":"重庆","value":15},{"name":"香港","value":1},{"name":"澳门","value":1}]