[{"name":"合肥","value":11},{"name":"芜湖","value":1},{"name":"蚌埠","value":24},{"name":"淮南","value":2},{"name":"淮北","value":5},{"name":"铜陵","value":2},{"name":"安庆","value":6},{"name":"阜阳","value":10},{"name":"宿州","value":2},{"name":"六安","value":5},{"name":"亳州","value":6},{"name":"福州","value":1},{"name":"厦门","value":2},{"name":"莆田","value":2},{"name":"三明","value":1},{"name":"泉州","value":1},{"name":"龙岩","value":2},{"name":"兰州","value":2},{"name":"白银","value":2},{"name":"甘南州","value":1},{"name":"广州","value":29},{"name":"深圳","value":20},{"name":"汕头","value":2},{"name":"佛山","value":7},{"name":"江门","value":2},{"name":"肇庆","value":1},{"name":"惠州","value":4},{"name":"河源","value":1},{"name":"东莞","value":6},{"name":"中山","value":2},{"name":"南宁","value":1},{"name":"桂林","value":1},{"name":"百色","value":1},{"name":"来宾","value":1},{"name":"贵阳","value":3},{"name":"遵义","value":3},{"name":"安顺","value":1},{"name":"黔南","value":1},{"name":"海口","value":3},{"name":"三亚","value":2},{"name":"儋州","value":1},{"name":"文昌","value":2},{"name":"澄迈县","value":2},{"name":"昌江","value":1},{"name":"唐山","value":2},{"name":"秦皇岛","value":2},{"name":"邯郸","value":4},{"name":"保定","value":1},{"name":"张家口","value":1},{"name":"承德","value":1},{"name":"沧州","value":2},{"name":"廊坊","value":1},{"name":"哈尔滨","value":12},{"name":"齐齐哈尔","value":1},{"name":"鸡西","value":8},{"name":"双鸭山","value":16},{"name":"佳木斯","value":1},{"name":"七台河","value":1},{"name":"牡丹江","value":1},{"name":"绥化","value":10},{"name":"郑州","value":10},{"name":"开封","value":2},{"name":"洛阳","value":3},{"name":"平顶山","value":5},{"name":"安阳","value":3},{"name":"鹤壁","value":1},{"name":"焦作","value":1},{"name":"许昌","value":2},{"name":"南阳","value":7},{"name":"商丘","value":7},{"name":"信阳","value":12},{"name":"周口","value":1},{"name":"驻马店","value":8},{"name":"济源","value":1},{"name":"武汉","value":1501},{"name":"黄石","value":69},{"name":"十堰","value":42},{"name":"宜昌","value":47},{"name":"襄阳","value":51},{"name":"鄂州","value":48},{"name":"荆门","value":45},{"name":"孝感","value":255},{"name":"荆州","value":84},{"name":"黄冈","value":90},{"name":"咸宁","value":44},{"name":"随州","value":81},{"name":"恩施州","value":13},{"name":"仙桃","value":42},{"name":"潜江","value":10},{"name":"天门","value":25},{"name":"长沙","value":11},{"name":"株洲","value":5},{"name":"湘潭","value":1},{"name":"邵阳","value":9},{"name":"岳阳","value":14},{"name":"常德","value":2},{"name":"张家界","value":2},{"name":"益阳","value":2},{"name":"郴州","value":4},{"name":"永州","value":6},{"name":"怀化","value":2},{"name":"娄底","value":2},{"name":"湘西自治州","value":1},{"name":"南京","value":5},{"name":"无锡","value":3},{"name":"徐州","value":4},{"name":"常州","value":2},{"name":"苏州","value":9},{"name":"南通","value":2},{"name":"连云港","value":2},{"name":"淮安","value":3},{"name":"扬州","value":2},{"name":"镇江","value":1},{"name":"泰州","value":1},{"name":"宿迁","value":1},{"name":"南昌","value":13},{"name":"萍乡","value":1},{"name":"九江","value":3},{"name":"新余","value":9},{"name":"鹰潭","value":1},{"name":"赣州","value":7},{"name":"吉安","value":1},{"name":"宜春","value":8},{"name":"抚州","value":10},{"name":"上饶","value":8},{"name":"长春","value":3},{"name":"四平","value":1},{"name":"通化","value":1},{"name":"延边","value":2},{"name":"沈阳","value":1},{"name":"鞍山","value":2},{"name":"盘锦","value":3},{"name":"呼和浩特","value":2},{"name":"赤峰","value":1},{"name":"通辽","value":1},{"name":"银川","value":2},{"name":"吴忠","value":1},{"name":"济南","value":6},{"name":"青岛","value":2},{"name":"淄博","value":1},{"name":"枣庄","value":2},{"name":"烟台","value":2},{"name":"潍坊","value":6},{"name":"济宁","value":3},{"name":"泰安","value":2},{"name":"威海","value":2},{"name":"临沂","value":3},{"name":"德州","value":1},{"name":"聊城","value":5},{"name":"菏泽","value":1},{"name":"太原","value":2},{"name":"阳泉","value":1},{"name":"晋城","value":1},{"name":"晋中","value":1},{"name":"临汾","value":1},{"name":"西安","value":4},{"name":"汉中","value":1},{"name":"榆林","value":1},{"name":"安康","value":2},{"name":"成都","value":5},{"name":"泸州","value":1},{"name":"绵阳","value":1},{"name":"内江","value":1},{"name":"乐山","value":1},{"name":"南充","value":1},{"name":"宜宾","value":1},{"name":"广安","value":3},{"name":"达州","value":3},{"name":"巴中","value":1},{"name":"甘孜","value":5},{"name":"乌鲁木齐","value":3},{"name":"昆明","value":3},{"name":"保山市","value":1},{"name":"大理","value":3},{"name":"杭州","value":5},{"name":"宁波","value":10},{"name":"温州","value":25},{"name":"嘉兴","value":5},{"name":"绍兴","value":1},{"name":"金华","value":1},{"name":"台州","value":5},{"name":"台湾","value":5},{"name":"北京","value":23},{"name":"天津","value":10},{"name":"上海","value":15},{"name":"重庆","value":22},{"name":"香港","value":3},{"name":"null","value":0}]