[{"name":"蚌埠","value":1},{"name":"马鞍山","value":1},{"name":"阜阳","value":1},{"name":"六安","value":1},{"name":"宁德","value":1},{"name":"惠州","value":3},{"name":"玉林","value":1},{"name":"河池","value":1},{"name":"唐山","value":4},{"name":"哈尔滨","value":2},{"name":"大庆","value":3},{"name":"绥化","value":1},{"name":"郑州","value":1},{"name":"许昌","value":1},{"name":"信阳","value":2},{"name":"武汉","value":1660},{"name":"十堰","value":12},{"name":"宜昌","value":3},{"name":"襄阳","value":2},{"name":"鄂州","value":4},{"name":"荆门","value":1},{"name":"孝感","value":24},{"name":"荆州","value":4},{"name":"黄冈","value":16},{"name":"随州","value":2},{"name":"仙桃","value":18},{"name":"邵阳","value":1},{"name":"南京","value":1},{"name":"常州","value":1},{"name":"四平","value":1},{"name":"呼伦贝尔","value":1},{"name":"锡林郭勒盟","value":1},{"name":"吴忠","value":1},{"name":"青岛","value":1},{"name":"晋城","value":1},{"name":"成都","value":1},{"name":"泸州","value":1},{"name":"达州","value":1},{"name":"甘孜","value":3},{"name":"嘉兴","value":1},{"name":"北京","value":6},{"name":"天津","value":3},{"name":"重庆","value":2},{"name":"香港","value":2},{"name":"null","value":0}]