[{"name":"合肥","value":3},{"name":"芜湖","value":3},{"name":"马鞍山","value":3},{"name":"淮北","value":1},{"name":"铜陵","value":6},{"name":"黄山","value":3},{"name":"滁州","value":2},{"name":"阜阳","value":11},{"name":"六安","value":1},{"name":"亳州","value":2},{"name":"宣城","value":1},{"name":"福州","value":6},{"name":"厦门","value":1},{"name":"莆田","value":4},{"name":"三明","value":4},{"name":"泉州","value":3},{"name":"漳州","value":1},{"name":"南平","value":1},{"name":"龙岩","value":1},{"name":"兰州","value":3},{"name":"金昌","value":1},{"name":"天水","value":1},{"name":"广州","value":12},{"name":"深圳","value":13},{"name":"汕头","value":3},{"name":"佛山","value":4},{"name":"惠州","value":3},{"name":"梅州","value":2},{"name":"清远","value":2},{"name":"中山","value":2},{"name":"揭阳","value":1},{"name":"桂林","value":1},{"name":"梧州","value":2},{"name":"北海","value":2},{"name":"黔南","value":2},{"name":"海口","value":3},{"name":"三亚","value":3},{"name":"儋州","value":2},{"name":"万宁","value":2},{"name":"澄迈县","value":1},{"name":"石家庄","value":2},{"name":"唐山","value":1},{"name":"邯郸","value":2},{"name":"邢台","value":1},{"name":"沧州","value":3},{"name":"廊坊","value":4},{"name":"衡水","value":2},{"name":"哈尔滨","value":2},{"name":"齐齐哈尔","value":1},{"name":"七台河","value":1},{"name":"绥化","value":5},{"name":"郑州","value":8},{"name":"开封","value":1},{"name":"安阳","value":4},{"name":"新乡","value":2},{"name":"焦作","value":2},{"name":"许昌","value":1},{"name":"漯河","value":3},{"name":"南阳","value":7},{"name":"商丘","value":1},{"name":"信阳","value":6},{"name":"周口","value":4},{"name":"驻马店","value":1},{"name":"武汉","value":892},{"name":"黄石","value":17},{"name":"十堰","value":25},{"name":"宜昌","value":20},{"name":"襄阳","value":34},{"name":"鄂州","value":37},{"name":"荆门","value":24},{"name":"孝感","value":73},{"name":"荆州","value":24},{"name":"黄冈","value":59},{"name":"咸宁","value":27},{"name":"随州","value":18},{"name":"恩施州","value":13},{"name":"仙桃","value":15},{"name":"潜江","value":2},{"name":"天门","value":10},{"name":"神农架","value":1},{"name":"长沙","value":2},{"name":"株洲","value":2},{"name":"湘潭","value":2},{"name":"衡阳","value":3},{"name":"邵阳","value":3},{"name":"岳阳","value":10},{"name":"常德","value":7},{"name":"益阳","value":3},{"name":"郴州","value":1},{"name":"永州","value":3},{"name":"怀化","value":5},{"name":"娄底","value":2},{"name":"南京","value":3},{"name":"无锡","value":2},{"name":"徐州","value":5},{"name":"常州","value":2},{"name":"苏州","value":4},{"name":"南通","value":2},{"name":"扬州","value":1},{"name":"泰州","value":2},{"name":"宿迁","value":2},{"name":"南昌","value":9},{"name":"九江","value":5},{"name":"鹰潭","value":1},{"name":"赣州","value":3},{"name":"宜春","value":4},{"name":"抚州","value":1},{"name":"上饶","value":1},{"name":"吉林","value":1},{"name":"沈阳","value":2},{"name":"大连","value":1},{"name":"丹东","value":4},{"name":"辽阳","value":1},{"name":"包头","value":1},{"name":"赤峰","value":1},{"name":"银川","value":2},{"name":"吴忠","value":2},{"name":"西宁","value":2},{"name":"济南","value":3},{"name":"青岛","value":3},{"name":"枣庄","value":2},{"name":"烟台","value":4},{"name":"泰安","value":1},{"name":"威海","value":3},{"name":"日照","value":1},{"name":"临沂","value":1},{"name":"德州","value":2},{"name":"聊城","value":2},{"name":"滨州","value":1},{"name":"菏泽","value":1},{"name":"太原","value":1},{"name":"晋中","value":3},{"name":"运城","value":1},{"name":"吕梁","value":2},{"name":"西安","value":4},{"name":"咸阳","value":1},{"name":"渭南","value":1},{"name":"延安","value":1},{"name":"汉中","value":2},{"name":"安康","value":4},{"name":"成都","value":4},{"name":"自贡","value":5},{"name":"泸州","value":1},{"name":"绵阳","value":1},{"name":"遂宁","value":1},{"name":"内江","value":2},{"name":"乐山","value":1},{"name":"南充","value":2},{"name":"广安","value":1},{"name":"雅安","value":1},{"name":"甘孜","value":1},{"name":"凉山","value":1},{"name":"乌鲁木齐","value":1},{"name":"吐鲁番","value":1},{"name":"伊犁州","value":1},{"name":"石河子市","value":1},{"name":"昆明","value":3},{"name":"曲靖","value":1},{"name":"保山市","value":1},{"name":"丽江市","value":3},{"name":"红河","value":1},{"name":"大理","value":1},{"name":"杭州","value":5},{"name":"宁波","value":4},{"name":"温州","value":28},{"name":"嘉兴","value":3},{"name":"绍兴","value":1},{"name":"金华","value":2},{"name":"丽水","value":2},{"name":"台湾","value":8},{"name":"北京","value":14},{"name":"天津","value":4},{"name":"上海","value":13},{"name":"重庆","value":22}]