[{"name":"合肥","value":1},{"name":"蚌埠","value":4},{"name":"淮南","value":1},{"name":"马鞍山","value":1},{"name":"阜阳","value":2},{"name":"六安","value":2},{"name":"亳州","value":1},{"name":"福州","value":2},{"name":"广州","value":3},{"name":"深圳","value":8},{"name":"珠海","value":1},{"name":"江门","value":1},{"name":"梅州","value":1},{"name":"东莞","value":8},{"name":"南宁","value":1},{"name":"防城港","value":1},{"name":"遵义","value":1},{"name":"石家庄","value":1},{"name":"唐山","value":5},{"name":"张家口","value":1},{"name":"沧州","value":1},{"name":"廊坊","value":1},{"name":"哈尔滨","value":15},{"name":"齐齐哈尔","value":2},{"name":"鸡西","value":1},{"name":"双鸭山","value":1},{"name":"黑河","value":1},{"name":"郑州","value":4},{"name":"开封","value":1},{"name":"新乡","value":1},{"name":"许昌","value":1},{"name":"南阳","value":1},{"name":"商丘","value":1},{"name":"信阳","value":9},{"name":"周口","value":1},{"name":"武汉","value":1548},{"name":"黄石","value":3},{"name":"十堰","value":5},{"name":"襄阳","value":16},{"name":"鄂州","value":38},{"name":"荆门","value":7},{"name":"孝感","value":87},{"name":"荆州","value":12},{"name":"黄冈","value":6},{"name":"随州","value":22},{"name":"恩施州","value":3},{"name":"仙桃","value":9},{"name":"潜江","value":50},{"name":"天门","value":25},{"name":"邵阳","value":1},{"name":"岳阳","value":1},{"name":"常德","value":1},{"name":"南京","value":1},{"name":"无锡","value":1},{"name":"徐州","value":1},{"name":"常州","value":3},{"name":"连云港","value":2},{"name":"淮安","value":3},{"name":"扬州","value":1},{"name":"宿迁","value":1},{"name":"南昌","value":5},{"name":"九江","value":2},{"name":"新余","value":2},{"name":"吉安","value":1},{"name":"宜春","value":2},{"name":"长春","value":1},{"name":"葫芦岛","value":1},{"name":"赤峰","value":2},{"name":"青岛","value":1},{"name":"淄博","value":1},{"name":"潍坊","value":1},{"name":"济宁","value":2},{"name":"日照","value":1},{"name":"德州","value":1},{"name":"晋城","value":1},{"name":"渭南","value":1},{"name":"安康","value":1},{"name":"成都","value":1},{"name":"遂宁","value":2},{"name":"甘孜","value":6},{"name":"凉山","value":2},{"name":"吐鲁番","value":1},{"name":"昆明","value":1},{"name":"宁波","value":1},{"name":"温州","value":3},{"name":"台州","value":1},{"name":"北京","value":5},{"name":"天津","value":2},{"name":"上海","value":2},{"name":"重庆","value":7},{"name":"null","value":0}]