[{"name":"合肥","value":9},{"name":"芜湖","value":1},{"name":"蚌埠","value":1},{"name":"马鞍山","value":8},{"name":"淮北","value":4},{"name":"铜陵","value":2},{"name":"安庆","value":19},{"name":"滁州","value":2},{"name":"阜阳","value":9},{"name":"宿州","value":2},{"name":"六安","value":4},{"name":"亳州","value":5},{"name":"福州","value":7},{"name":"厦门","value":4},{"name":"莆田","value":3},{"name":"泉州","value":2},{"name":"漳州","value":3},{"name":"南平","value":5},{"name":"兰州","value":5},{"name":"天水","value":1},{"name":"广州","value":31},{"name":"深圳","value":60},{"name":"珠海","value":12},{"name":"汕头","value":2},{"name":"佛山","value":6},{"name":"江门","value":2},{"name":"湛江","value":2},{"name":"惠州","value":3},{"name":"汕尾","value":1},{"name":"东莞","value":5},{"name":"潮州","value":3},{"name":"柳州","value":1},{"name":"桂林","value":3},{"name":"梧州","value":1},{"name":"北海","value":6},{"name":"防城港","value":1},{"name":"玉林","value":1},{"name":"贵阳","value":3},{"name":"六盘水","value":4},{"name":"遵义","value":3},{"name":"铜仁","value":1},{"name":"毕节","value":2},{"name":"黔东南","value":1},{"name":"海口","value":2},{"name":"三亚","value":1},{"name":"儋州","value":1},{"name":"临高县","value":2},{"name":"乐东","value":1},{"name":"陵水县","value":1},{"name":"哈尔滨","value":7},{"name":"鸡西","value":1},{"name":"双鸭山","value":1},{"name":"大庆","value":1},{"name":"佳木斯","value":3},{"name":"七台河","value":2},{"name":"牡丹江","value":4},{"name":"绥化","value":1},{"name":"郑州","value":6},{"name":"开封","value":2},{"name":"洛阳","value":2},{"name":"平顶山","value":1},{"name":"安阳","value":4},{"name":"新乡","value":6},{"name":"许昌","value":4},{"name":"漯河","value":1},{"name":"三门峡","value":1},{"name":"南阳","value":5},{"name":"商丘","value":2},{"name":"信阳","value":21},{"name":"周口","value":2},{"name":"驻马店","value":10},{"name":"武汉","value":576},{"name":"黄石","value":41},{"name":"十堰","value":27},{"name":"宜昌","value":109},{"name":"襄阳","value":61},{"name":"鄂州","value":38},{"name":"荆门","value":24},{"name":"孝感","value":87},{"name":"荆州","value":66},{"name":"黄冈","value":153},{"name":"咸宁","value":40},{"name":"随州","value":76},{"name":"恩施州","value":12},{"name":"仙桃","value":7},{"name":"潜江","value":15},{"name":"天门","value":15},{"name":"长沙","value":18},{"name":"株洲","value":3},{"name":"湘潭","value":3},{"name":"衡阳","value":1},{"name":"邵阳","value":5},{"name":"岳阳","value":8},{"name":"常德","value":2},{"name":"张家界","value":1},{"name":"益阳","value":4},{"name":"郴州","value":1},{"name":"永州","value":2},{"name":"怀化","value":2},{"name":"娄底","value":6},{"name":"湘西自治州","value":1},{"name":"南京","value":3},{"name":"无锡","value":1},{"name":"徐州","value":3},{"name":"常州","value":1},{"name":"苏州","value":2},{"name":"南通","value":2},{"name":"连云港","value":4},{"name":"淮安","value":2},{"name":"盐城","value":5},{"name":"扬州","value":5},{"name":"泰州","value":5},{"name":"宿迁","value":1},{"name":"南昌","value":16},{"name":"萍乡","value":1},{"name":"九江","value":1},{"name":"新余","value":12},{"name":"赣州","value":3},{"name":"吉安","value":3},{"name":"宜春","value":3},{"name":"抚州","value":3},{"name":"上饶","value":4},{"name":"长春","value":4},{"name":"沈阳","value":3},{"name":"大连","value":1},{"name":"鞍山","value":1},{"name":"锦州","value":3},{"name":"阜新","value":1},{"name":"盘锦","value":4},{"name":"朝阳市","value":1},{"name":"葫芦岛","value":1},{"name":"鄂尔多斯","value":2},{"name":"巴彦淖尔","value":1},{"name":"银川","value":4},{"name":"吴忠","value":1},{"name":"西宁","value":1},{"name":"济南","value":2},{"name":"淄博","value":2},{"name":"枣庄","value":2},{"name":"烟台","value":2},{"name":"潍坊","value":1},{"name":"济宁","value":2},{"name":"泰安","value":2},{"name":"威海","value":5},{"name":"日照","value":1},{"name":"临沂","value":3},{"name":"德州","value":1},{"name":"菏泽","value":1},{"name":"大同","value":1},{"name":"晋城","value":2},{"name":"晋中","value":2},{"name":"运城","value":2},{"name":"忻州","value":2},{"name":"西安","value":10},{"name":"咸阳","value":1},{"name":"渭南","value":1},{"name":"延安","value":4},{"name":"汉中","value":5},{"name":"安康","value":1},{"name":"成都","value":3},{"name":"攀枝花","value":6},{"name":"绵阳","value":1},{"name":"内江","value":4},{"name":"南充","value":5},{"name":"广安","value":3},{"name":"达州","value":1},{"name":"雅安","value":2},{"name":"巴中","value":3},{"name":"凉山","value":2},{"name":"昆明","value":6},{"name":"玉溪","value":1},{"name":"保山市","value":1},{"name":"昭通市","value":2},{"name":"临沧","value":1},{"name":"杭州","value":13},{"name":"宁波","value":9},{"name":"温州","value":14},{"name":"嘉兴","value":2},{"name":"绍兴","value":1},{"name":"金华","value":7},{"name":"衢州","value":1},{"name":"台州","value":14},{"name":"丽水","value":1},{"name":"台湾","value":1},{"name":"北京","value":36},{"name":"上海","value":25},{"name":"重庆","value":41},{"name":"香港","value":1},{"name":"null","value":0}]