[{"name":"合肥","value":1},{"name":"蚌埠","value":1},{"name":"安庆","value":1},{"name":"滁州","value":1},{"name":"阜阳","value":1},{"name":"六安","value":2},{"name":"亳州","value":1},{"name":"池州","value":1},{"name":"福州","value":3},{"name":"厦门","value":3},{"name":"泉州","value":1},{"name":"宁德","value":1},{"name":"兰州","value":1},{"name":"白银","value":1},{"name":"广州","value":7},{"name":"韶关","value":3},{"name":"深圳","value":15},{"name":"珠海","value":8},{"name":"佛山","value":6},{"name":"湛江","value":2},{"name":"肇庆","value":1},{"name":"惠州","value":5},{"name":"阳江","value":3},{"name":"清远","value":1},{"name":"中山","value":2},{"name":"柳州","value":2},{"name":"桂林","value":2},{"name":"梧州","value":1},{"name":"北海","value":6},{"name":"百色","value":1},{"name":"河池","value":1},{"name":"铜仁","value":1},{"name":"黔南","value":1},{"name":"海口","value":3},{"name":"三亚","value":2},{"name":"万宁","value":2},{"name":"临高县","value":1},{"name":"石家庄","value":1},{"name":"沧州","value":1},{"name":"哈尔滨","value":1},{"name":"齐齐哈尔","value":1},{"name":"大庆","value":1},{"name":"绥化","value":1},{"name":"郑州","value":1},{"name":"信阳","value":1},{"name":"周口","value":1},{"name":"武汉","value":495},{"name":"十堰","value":1},{"name":"宜昌","value":1},{"name":"荆门","value":8},{"name":"孝感","value":22},{"name":"荆州","value":8},{"name":"黄冈","value":12},{"name":"仙桃","value":2},{"name":"长沙","value":8},{"name":"株洲","value":1},{"name":"湘潭","value":1},{"name":"岳阳","value":3},{"name":"郴州","value":1},{"name":"永州","value":4},{"name":"怀化","value":3},{"name":"娄底","value":3},{"name":"南京","value":1},{"name":"无锡","value":1},{"name":"苏州","value":2},{"name":"南通","value":1},{"name":"扬州","value":1},{"name":"南昌","value":2},{"name":"萍乡","value":1},{"name":"九江","value":1},{"name":"新余","value":1},{"name":"吉安","value":1},{"name":"抚州","value":1},{"name":"长春","value":1},{"name":"吉林","value":1},{"name":"松原","value":1},{"name":"沈阳","value":2},{"name":"大连","value":1},{"name":"朝阳市","value":1},{"name":"呼伦贝尔","value":1},{"name":"银川","value":1},{"name":"中卫","value":1},{"name":"青岛","value":3},{"name":"威海","value":1},{"name":"临沂","value":2},{"name":"太原","value":1},{"name":"西安","value":2},{"name":"咸阳","value":1},{"name":"成都","value":7},{"name":"德阳","value":1},{"name":"绵阳","value":2},{"name":"遂宁","value":1},{"name":"广安","value":2},{"name":"达州","value":1},{"name":"雅安","value":1},{"name":"乌鲁木齐","value":2},{"name":"杭州","value":6},{"name":"宁波","value":5},{"name":"温州","value":6},{"name":"嘉兴","value":3},{"name":"绍兴","value":1},{"name":"金华","value":1},{"name":"衢州","value":2},{"name":"舟山","value":1},{"name":"台州","value":18},{"name":"北京","value":4},{"name":"上海","value":7},{"name":"重庆","value":18}]