[{"name":"广州","value":2},{"name":"东莞","value":1},{"name":"唐山","value":1},{"name":"邯郸","value":1},{"name":"哈尔滨","value":1},{"name":"信阳","value":1},{"name":"武汉","value":599},{"name":"黄石","value":4},{"name":"十堰","value":8},{"name":"宜昌","value":3},{"name":"鄂州","value":4},{"name":"荆门","value":4},{"name":"孝感","value":14},{"name":"荆州","value":8},{"name":"黄冈","value":5},{"name":"随州","value":4},{"name":"潜江","value":2},{"name":"天门","value":1},{"name":"株洲","value":1},{"name":"常德","value":2},{"name":"济宁","value":4},{"name":"天津","value":2},{"name":"上海","value":1},{"name":"重庆","value":1},{"name":"香港","value":1},{"name":"null","value":0}]